query_id,doc_id,0,1,2,3,4,5,6,7,8,9,10,11,12,13,14
0,220550,0,1,0,0,1,1,1,1,1,1,1,1,1,1,1
1,221236,0,0,0,0,0,0,1,0,0,1,0,0,0,0,0
2,220572,1,0,0,1,0,0,0,1,0,1,0,0,0,0,1
3,222995,0,1,0,0,0,1,1,1,0,0,0,1,1,1,1
4,221582,0,0,0,1,1,1,1,1,1,1,1,1,1,1,1
5,220202,1,0,0,0,0,1,1,1,1,0,1,1,1,1,1
6,221032,1,1,1,0,1,0,1,1,1,1,1,1,1,1,1
7,220388,0,0,0,1,1,1,0,1,1,1,1,1,1,1,1
8,221810,1,0,0,0,1,1,0,1,1,1,1,1,1,1,1
9,220327,0,0,0,0,0,0,0,0,0,0,0,0,0,0,0
10,223824,0,1,1,0,0,0,1,1,1,1,1,1,0,1,1
11,222333,0,0,0,0,0,0,0,0,0,0,0,0,0,1,0
12,220389,0,0,0,0,0,0,0,0,0,0,0,1,1,0,0
13,223277,0,0,0,0,0,0,0,0,0,0,0,0,0,0,0
14,222734,0,0,0,0,1,1,1,0,1,0,0,1,1,0,1
15,220747,0,1,0,1,1,0,1,1,1,1,1,1,0,1,1
16,223254,0,0,0,0,0,0,0,0,0,0,1,0,1,1,0
17,220488,1,1,1,0,0,0,1,1,1,1,0,1,1,1,1
18,222500,0,1,1,1,1,0,1,1,1,1,1,1,1,1,1
19,222416,0,1,1,0,0,1,1,0,1,1,0,1,0,1,0
20,220165,1,0,0,0,0,0,0,0,0,0,0,0,0,0,0
21,223443,0,0,0,0,0,0,0,0,0,0,0,0,0,0,1
22,221213,1,0,0,1,1,0,1,1,1,1,1,1,1,1,1
23,222391,1,1,1,0,0,1,1,1,1,1,0,1,1,1,1
24,222468,1,0,1,1,1,0,1,1,1,1,1,1,0,1,1
25,220837,1,0,1,1,1,0,1,1,1,1,0,1,1,1,1
26,221075,1,1,1,1,1,1,1,1,0,1,0,1,1,1,1
27,220176,0,0,0,0,0,1,0,1,1,1,0,0,0,1,1
28,221466,0,1,1,1,0,1,1,1,0,0,1,1,0,1,1
29,223090,1,1,0,0,0,1,0,1,0,1,1,1,0,1,1
30,220489,1,0,0,0,0,0,0,1,0,1,0,1,0,1,1
31,224014,0,0,0,1,1,0,1,1,1,1,1,1,1,1,1
32,221007,0,1,1,1,1,0,1,1,1,1,1,1,1,1,1
33,221966,0,0,0,0,0,0,0,0,0,0,0,0,0,0,1
34,222984,0,1,1,0,1,0,1,1,1,1,1,1,1,1,1
35,220376,1,1,1,1,1,0,1,1,1,1,1,1,1,1,1
36,223220,1,0,1,1,1,0,1,1,1,0,0,0,1,1,1
37,222511,1,1,0,1,0,0,0,1,1,0,1,1,0,1,1
38,220501,0,0,0,0,1,1,0,1,0,1,0,1,0,0,1
39,222999,1,1,0,0,1,1,1,1,1,1,1,1,0,1,1
40,223228,0,0,1,0,1,0,1,1,1,1,1,1,1,1,1
41,221566,1,1,0,1,1,1,0,1,1,1,1,1,1,1,1
42,221498,1,0,1,0,0,1,1,1,1,1,1,0,0,1,1
43,223163,1,1,1,1,1,1,1,1,1,0,1,1,1,1,1
44,223701,0,0,0,0,0,0,0,1,0,1,0,0,0,1,1
45,221116,1,1,1,0,1,0,1,0,1,1,1,1,0,1,1
46,220483,0,0,0,0,0,0,0,0,0,0,0,0,0,0,0
47,220706,1,1,1,1,1,1,1,1,1,1,1,1,1,1,1
48,221265,1,0,1,1,1,1,1,1,0,1,1,1,1,1,1
49,223029,0,0,1,0,1,1,0,1,0,0,1,0,0,0,0
50,222063,1,0,1,1,1,0,0,1,1,1,1,0,1,1,1
51,221946,0,0,0,0,0,0,1,1,0,0,0,1,1,1,1
52,221982,0,1,0,1,1,1,0,1,0,1,1,1,1,1,1
53,222541,1,1,0,1,1,0,0,1,1,0,1,1,0,1,1
54,223929,0,0,0,0,0,0,1,0,1,0,1,0,0,0,1
55,220982,1,1,1,1,1,0,1,1,1,1,1,1,1,1,1
56,223030,0,1,0,1,1,1,0,1,1,0,1,1,0,1,1
57,222613,0,0,0,1,0,0,0,1,0,1,1,1,0,1,1
58,222686,0,0,0,0,0,0,0,0,0,1,0,0,0,1,0
59,222565,0,0,0,0,0,0,0,0,0,0,0,1,0,0,1
60,222076,0,1,0,1,0,1,0,1,0,1,0,1,0,1,1
61,222860,0,0,0,0,0,0,0,0,0,0,0,0,0,0,0
62,222334,0,0,0,0,0,0,0,1,1,0,0,0,0,1,1
63,221567,0,0,0,0,1,0,0,1,0,0,0,0,0,0,1
64,223888,1,0,0,0,0,1,0,0,0,0,0,0,0,0,0
65,223082,0,1,0,0,0,1,1,1,0,1,1,1,1,1,1
66,220270,0,0,1,1,1,0,0,1,1,1,0,1,1,1,1
67,220477,0,1,0,0,0,1,1,1,1,1,0,1,1,1,1
68,222525,0,0,0,0,0,0,0,0,0,0,0,0,0,1,1
69,223658,0,0,0,0,0,0,0,0,0,0,0,0,0,0,0
70,221243,1,0,1,1,0,0,1,1,1,1,0,1,1,1,1
71,222224,1,1,0,0,1,0,1,1,1,1,1,1,1,1,1
72,220936,1,0,1,0,0,0,0,0,0,0,0,0,0,0,1
73,221755,0,1,0,1,1,1,0,1,1,1,1,1,1,1,1
74,223057,0,1,0,1,0,1,0,1,1,1,1,1,1,1,1
75,222277,1,1,0,1,1,1,1,1,1,1,1,1,1,1,1
76,220861,0,0,0,1,1,0,1,1,0,1,0,1,0,1,1
77,222264,0,0,1,0,0,0,0,0,1,0,0,0,0,0,0
78,300000,1,0,0,0,0,0,0,0,0,0,0,0,0,0,1
79,220291,0,1,0,1,1,0,1,1,1,1,0,1,1,1,1
80,223613,0,0,0,0,0,0,0,0,0,0,0,0,0,1,0
81,224001,0,0,0,0,0,1,0,0,1,1,1,1,0,1,1
82,221028,1,1,1,0,1,1,0,1,1,1,0,1,1,1,1
83,222658,0,1,1,1,0,0,1,1,1,1,0,1,0,1,1
84,222964,0,0,0,1,1,1,1,1,0,1,0,1,0,1,1
85,221067,0,1,0,0,0,0,0,0,0,0,0,0,0,0,1
86,223529,1,0,0,0,0,0,1,0,0,1,0,1,0,0,0
87,220981,0,0,0,1,0,0,0,1,1,1,1,1,1,1,1
88,220147,1,0,1,0,1,1,1,1,1,1,0,1,1,1,1
89,223316,0,0,0,0,0,0,0,0,0,0,0,1,0,0,0
90,223452,0,0,0,0,1,0,0,0,0,0,0,0,0,0,0
91,222081,1,1,0,0,1,0,0,1,1,1,1,1,0,1,1
92,221257,0,0,0,1,0,0,0,1,0,0,0,0,1,1,1
93,221076,0,0,1,0,0,0,0,1,0,0,1,0,0,0,1
94,222781,0,0,0,0,0,0,1,1,0,1,1,1,0,1,1
95,222245,0,0,0,0,1,1,0,1,0,0,1,1,1,1,1
96,223763,1,0,0,1,1,0,1,1,1,1,1,1,0,1,1
97,222295,1,1,1,1,1,1,1,1,1,1,1,1,0,1,1
98,220267,1,1,1,1,1,1,1,1,0,1,1,1,1,1,1
99,221991,0,1,0,0,0,0,0,0,0,0,0,0,0,0,0
100,222787,1,1,0,0,1,1,1,1,1,0,1,1,1,1,1
101,221870,1,0,0,1,1,1,1,1,1,1,0,1,0,1,1
102,221997,1,0,0,1,0,1,0,1,0,1,1,1,1,1,1
103,221632,1,1,0,1,1,1,0,1,1,1,1,1,0,1,1
104,223807,1,0,0,0,0,0,0,0,0,0,1,0,0,0,0
105,222814,0,0,0,0,0,0,1,0,0,0,0,0,0,0,0
106,224018,0,0,0,0,1,0,0,1,0,0,0,1,0,0,1
107,223184,0,0,0,0,0,0,0,0,0,0,0,0,0,0,0
108,221401,0,0,0,1,0,1,1,1,0,1,1,1,0,1,1
109,220611,1,0,0,0,0,0,0,0,0,0,0,0,0,0,0
110,223974,0,1,1,0,0,1,0,1,1,1,1,1,1,1,1
111,221325,0,0,0,0,0,0,0,0,0,1,0,0,0,0,0
112,221410,0,1,0,0,1,1,1,1,1,1,0,1,1,1,1
113,223844,0,0,0,1,1,1,1,1,1,1,0,1,1,1,1
114,300000,0,0,0,0,0,0,0,1,0,0,0,0,0,0,0
115,221643,0,0,1,0,1,0,0,1,1,0,1,0,0,1,0
116,220400,1,1,1,1,1,1,1,1,1,1,1,1,1,1,1
117,221963,1,1,0,0,1,0,1,0,1,0,1,0,0,0,0
118,221900,1,0,1,0,1,0,1,1,1,0,0,1,0,1,1
119,221736,0,0,0,0,0,0,0,0,0,0,1,1,0,1,1
120,221476,0,1,1,1,0,1,0,1,1,1,1,1,0,1,1
121,223264,0,0,0,0,0,0,0,0,0,0,0,0,0,0,0
122,222866,0,0,0,0,0,0,0,0,0,0,0,0,0,0,0
123,220646,0,0,1,0,0,0,1,1,1,1,1,1,1,1,1
124,222539,0,0,0,0,0,0,0,0,0,0,0,0,0,0,0
125,300000,0,1,0,0,0,0,0,0,0,0,0,0,0,0,0
126,220795,0,1,0,0,1,0,1,1,1,1,0,1,1,1,1
127,300000,0,0,1,0,0,0,0,1,1,1,1,0,0,1,1
128,221874,0,0,0,0,0,0,0,0,1,0,0,0,0,0,0
129,223051,0,1,1,1,0,1,1,1,0,1,1,1,1,1,1
130,222375,1,0,0,1,1,0,1,1,1,1,0,1,1,1,1
131,223114,0,0,0,0,0,0,0,0,0,0,0,1,1,0,0
132,223417,0,0,0,0,0,0,0,0,0,0,0,0,0,0,0
133,220121,1,1,0,1,1,1,0,1,1,0,0,0,0,1,1
134,223048,0,1,1,1,1,1,0,1,1,1,1,1,1,1,1
135,222778,0,1,1,0,1,0,1,1,1,0,1,1,0,1,1
136,221380,0,0,0,0,1,0,1,0,0,0,0,0,0,0,0
137,222657,1,0,0,1,1,1,1,1,1,1,0,1,1,1,1
138,222532,0,0,0,0,0,0,0,0,0,0,0,0,0,0,0
139,222490,1,1,1,1,1,0,1,1,1,1,1,1,1,1,1
140,223173,1,0,0,0,1,0,0,1,1,0,0,0,0,0,0
141,221346,0,0,1,0,0,0,1,1,0,0,0,1,1,1,1
142,221277,0,0,0,0,0,1,0,1,1,0,1,0,0,1,1
143,222290,0,0,0,0,0,0,0,0,0,0,0,0,0,0,0
144,223049,0,0,0,0,0,1,0,0,0,0,0,0,0,0,0
145,220984,1,1,1,1,0,0,1,1,1,1,1,1,0,1,1
146,222300,0,0,0,0,0,0,1,0,0,0,0,0,0,0,0
147,222836,1,0,0,1,0,0,1,1,1,1,0,1,1,1,1
148,220313,1,1,0,0,1,1,0,1,1,0,0,0,0,1,1
149,220112,0,1,1,1,1,0,0,1,1,1,1,1,0,1,1
150,223490,1,1,1,1,0,1,0,1,1,1,1,1,1,1,1
151,223374,0,1,1,0,0,1,0,1,1,1,1,0,0,1,0
152,222206,1,0,0,0,1,1,1,1,0,0,0,1,0,0,1
153,222164,1,0,1,0,1,0,0,1,0,1,1,1,1,1,1
154,222104,0,0,0,0,0,0,0,0,0,0,0,0,0,0,0
155,223122,1,0,1,1,1,1,0,1,1,1,1,1,1,1,1
156,222413,1,1,1,1,0,0,1,1,1,1,0,1,0,1,1
157,221612,1,0,0,0,0,0,0,0,0,0,0,0,0,0,0
158,221223,0,1,1,1,1,1,1,1,1,1,1,1,1,1,1
159,221934,1,1,1,1,0,1,1,1,1,1,1,1,1,1,1
160,221130,0,0,0,1,0,0,1,1,0,1,0,1,0,1,1
161,220018,0,0,1,1,1,1,1,1,1,1,1,1,1,1,1
162,224028,1,0,0,1,1,1,1,1,1,0,0,1,1,1,1
163,223425,0,1,1,1,0,0,0,1,1,1,1,1,0,1,1
164,220211,0,0,0,0,0,0,0,0,0,0,0,0,0,0,0
165,221771,0,1,1,1,1,1,1,1,1,1,0,1,1,1,1
166,221073,0,1,0,0,1,1,0,1,0,0,0,1,1,1,1
167,300000,0,0,0,0,0,0,0,0,0,0,0,1,0,1,1
168,220117,1,0,0,0,0,0,1,1,1,1,1,1,0,1,1
169,222879,0,0,1,0,1,1,0,1,1,1,0,1,1,1,1
170,220523,0,0,0,0,0,0,0,1,0,0,0,0,0,0,0
171,223724,0,1,1,0,1,1,1,1,1,1,1,1,1,1,1
172,223893,0,0,0,0,0,0,0,0,0,0,0,0,0,0,0
173,220758,1,0,1,1,0,1,1,1,1,1,1,1,1,1,1
174,223850,0,0,0,0,0,1,0,1,0,1,0,1,0,1,1
175,223083,1,1,1,0,0,1,1,1,1,1,1,1,1,1,1
176,221977,0,1,0,1,1,0,1,1,1,1,1,1,1,1,1
177,221569,0,1,1,0,1,0,1,1,1,0,0,1,1,0,1
178,223589,1,1,1,1,0,1,1,1,0,1,1,1,1,1,1
179,220329,1,0,1,1,1,0,1,1,1,1,1,1,0,1,1
180,223338,0,1,1,1,1,0,0,1,1,1,1,1,1,1,1
181,223976,0,0,0,1,0,0,0,1,0,1,0,1,0,0,0
182,220314,0,1,0,1,1,0,0,1,1,1,1,1,0,1,1
183,222967,0,0,1,0,0,0,0,0,0,0,0,0,1,0,0
184,222373,0,0,0,0,0,0,0,1,0,0,0,0,0,1,1
185,222232,1,0,1,1,1,1,0,1,1,1,1,1,1,1,1
186,222307,0,0,0,0,0,0,0,1,0,0,0,1,0,1,1
187,220727,1,1,0,1,0,0,0,1,1,1,1,0,1,1,1
188,221664,0,0,0,0,0,0,0,0,0,0,0,1,1,0,0
189,300000,0,0,0,0,0,0,1,0,0,0,0,0,0,0,0
190,223327,1,1,1,1,1,0,1,1,1,1,1,1,1,1,1
191,221550,1,0,1,0,0,1,1,1,0,1,1,1,0,1,1
192,220670,0,0,0,0,0,0,0,0,0,0,0,0,0,1,0
193,221330,0,1,1,0,0,0,1,0,1,0,1,0,1,1,1
194,221001,0,0,1,1,1,1,1,1,0,1,1,0,0,1,1
195,223822,1,0,0,1,0,1,0,1,0,1,0,1,1,1,1
196,300000,0,0,0,0,0,0,0,0,0,0,0,0,1,1,1
197,220156,0,0,1,1,0,0,1,1,0,1,1,1,0,1,1
198,221194,1,1,1,1,1,1,1,1,0,1,1,1,1,1,1
199,222072,1,0,0,1,1,0,1,1,0,1,1,1,1,1,1
200,300000,0,0,0,0,0,0,0,0,0,0,0,0,1,0,0
201,221577,1,0,1,0,1,1,1,1,1,1,1,1,1,1,1
202,223950,1,0,1,1,1,1,0,0,1,1,1,1,1,1,1
203,222158,0,0,0,0,1,0,1,1,1,1,1,1,1,1,1
204,300000,0,0,0,0,0,0,0,0,0,0,0,0,0,0,1
205,223890,0,0,0,1,0,0,0,1,1,0,0,0,0,0,0
206,220956,0,0,0,0,1,1,1,1,0,1,1,1,1,1,1
207,221851,0,1,1,0,0,0,0,1,1,0,0,1,0,1,0
208,220290,0,0,1,0,0,1,1,1,0,1,1,1,1,1,1
209,221973,0,0,0,1,0,0,0,0,0,0,1,1,1,1,0
210,221318,0,1,0,0,0,1,0,1,0,0,0,0,0,0,0
211,223377,1,0,0,0,0,0,0,0,0,0,0,0,0,0,0
212,222909,0,1,0,1,0,0,1,1,1,1,1,1,0,1,1
213,221286,1,1,0,1,1,1,0,1,1,1,1,1,1,1,1
214,221224,0,1,1,1,1,0,1,1,0,0,0,0,0,1,1
215,300000,0,1,0,0,1,0,0,1,1,1,0,0,0,0,0
216,222205,0,0,1,0,0,1,0,0,0,1,1,1,1,1,1
217,221600,0,1,1,1,0,1,1,1,1,1,1,1,1,1,1
218,223836,0,0,0,0,0,0,0,0,0,0,1,0,0,0,0
219,220030,1,0,0,0,0,0,0,0,0,0,0,0,0,0,0
220,300000,0,0,0,0,0,0,0,1,0,0,1,0,0,1,0
221,220076,1,0,1,0,1,0,0,0,1,0,1,1,1,1,1
222,223288,1,0,0,0,1,1,1,1,1,1,1,1,1,1,1
223,222093,1,0,0,0,1,0,0,0,0,0,0,0,0,0,1
224,220183,1,0,0,0,0,1,1,1,1,1,1,1,1,1,1
225,222698,0,1,0,0,0,0,1,0,0,1,0,1,1,1,0
226,223759,0,0,0,0,1,0,1,0,1,1,1,0,1,1,1
227,222268,1,1,0,1,0,1,0,1,1,1,1,1,1,1,1
228,222991,0,0,0,0,0,0,1,1,1,1,1,1,1,1,1
229,220447,1,1,1,0,0,1,1,1,1,1,1,1,0,1,1
230,220341,0,0,0,0,0,0,0,0,0,0,0,0,0,0,0
231,221754,0,0,0,0,0,0,1,0,0,0,0,1,0,0,0
232,222974,0,0,0,0,0,0,0,0,0,0,0,0,0,0,0
233,222875,0,0,0,0,1,0,0,0,0,0,0,1,1,0,1
234,220881,1,0,1,1,1,1,0,1,1,1,1,1,1,1,1
235,220666,1,1,1,1,1,0,1,1,1,0,1,1,0,1,1
236,223315,1,0,0,1,0,0,1,1,0,0,1,0,0,0,0
237,222418,0,1,0,1,1,0,1,1,1,1,1,1,0,1,1
238,220928,1,0,0,0,0,0,0,0,0,0,0,0,0,0,1
239,221105,0,1,1,1,0,0,1,1,1,1,1,1,0,1,1
240,300000,1,1,0,1,0,1,0,0,1,1,1,0,0,1,0
241,223166,1,0,1,0,1,0,0,1,0,1,0,1,0,1,1
242,223409,0,1,1,1,0,1,1,1,1,1,1,1,0,1,1
243,221560,1,1,1,1,1,0,1,1,0,1,1,1,1,1,1
244,221856,1,0,1,1,1,0,1,1,0,1,0,1,1,1,1
245,222259,0,1,1,0,0,0,1,1,1,1,0,0,0,0,1
246,222255,0,0,0,0,0,0,0,0,0,0,0,0,0,0,0
247,220104,1,0,0,0,0,0,0,0,0,0,0,1,0,0,0
248,223127,0,0,0,0,0,0,0,0,0,0,0,1,1,1,1
249,223113,0,0,0,0,1,0,1,1,1,1,0,1,1,1,1
250,220191,0,0,0,0,0,0,0,0,0,0,0,0,0,0,0
251,220669,0,0,0,0,1,0,0,0,0,0,1,0,0,0,0
252,220771,0,1,1,0,1,1,1,1,1,1,1,1,1,1,1
253,224023,1,0,1,1,0,0,0,1,1,1,1,1,0,1,1
254,222747,1,0,1,1,1,1,1,1,1,1,1,1,1,1,1
255,221082,0,0,1,0,1,1,0,1,1,1,1,1,1,1,1
256,220598,1,1,0,1,1,0,1,1,1,1,1,1,1,1,1
257,220139,1,1,1,1,1,0,1,1,1,1,1,1,1,1,1
258,220968,0,1,0,0,1,0,1,1,0,1,1,1,1,1,1
259,223670,1,0,0,1,1,1,1,1,1,1,1,1,1,1,1
260,222381,1,1,0,1,0,1,1,1,1,1,1,1,1,1,1
261,221530,1,0,1,0,0,0,0,1,1,1,0,1,1,1,1
262,221951,1,0,1,0,1,0,1,1,1,1,1,1,1,1,1
263,220695,0,1,1,0,1,0,0,0,0,1,0,1,1,1,1
264,220750,0,0,0,0,0,0,0,0,0,0,1,1,1,1,0
265,221282,0,0,1,1,1,0,1,1,1,1,1,1,1,1,1
266,221326,1,1,1,1,1,0,0,1,0,1,1,1,1,1,1
267,300000,0,0,1,0,0,0,0,1,0,0,0,0,0,0,1
268,222228,1,0,0,0,0,0,0,0,0,0,0,0,0,1,1
269,221358,0,0,0,0,0,1,0,0,0,0,0,0,0,0,0
270,222465,1,1,0,0,0,1,0,0,0,0,0,0,0,0,0
271,221741,0,0,0,0,0,1,0,0,0,0,0,0,0,0,0
272,220308,0,1,0,0,0,0,0,1,1,1,1,1,1,1,1
273,222825,0,0,1,0,0,0,0,0,0,0,0,0,0,0,0
274,220703,0,0,0,0,1,0,1,1,0,1,1,1,1,1,1
275,220941,0,0,0,0,0,1,0,0,0,0,0,0,0,0,0
276,221942,1,1,1,1,0,0,0,1,1,1,0,1,1,1,1
277,221714,0,1,0,0,0,0,0,1,0,0,0,1,1,1,0
278,223451,0,1,0,0,0,0,1,0,0,0,0,1,0,0,0
279,221118,0,0,1,0,1,0,0,0,0,1,0,1,0,0,0
280,220167,0,0,0,1,0,0,0,0,0,1,1,0,0,0,1
281,222868,0,0,0,1,0,0,0,0,0,0,0,0,0,0,0
282,221054,1,0,1,1,1,0,0,1,1,1,1,0,0,1,1
283,223702,0,1,1,1,1,0,0,1,1,1,1,1,1,1,1
284,223455,0,0,0,0,0,0,0,1,0,1,0,0,0,1,1
285,221201,1,0,0,0,1,1,1,1,0,1,1,1,1,1,1
286,221641,1,0,0,1,1,0,1,1,1,1,0,1,1,1,1
287,223963,1,1,1,1,1,1,1,1,1,1,1,1,1,1,1
288,220319,0,0,1,0,1,0,0,1,0,0,0,1,0,1,1
289,221865,1,1,1,0,1,1,0,1,1,1,1,1,0,1,1
290,221570,0,0,0,0,0,0,0,0,0,0,0,0,0,0,0
291,222085,0,1,0,0,0,0,1,0,0,1,0,1,1,0,1
292,220153,0,0,0,0,0,0,0,0,0,0,0,1,0,0,0
293,222869,0,0,1,1,0,0,1,1,1,1,1,1,1,1,1
294,222144,1,1,0,1,1,1,0,1,0,0,0,1,0,1,1
295,223811,1,0,0,0,1,0,0,1,1,0,0,0,0,0,0
296,220122,0,0,1,1,0,0,1,1,1,0,1,1,1,1,1
297,220546,0,0,0,0,0,1,1,0,1,0,1,1,1,1,1
298,220592,1,1,1,1,1,1,0,1,1,1,1,1,1,1,1
299,221041,0,0,0,0,0,0,0,0,0,0,0,0,0,0,0
300,222317,1,1,1,1,1,1,1,1,1,1,1,1,1,1,1
301,222151,1,0,0,0,0,0,0,0,0,1,0,0,0,0,1
302,223637,0,1,0,0,1,0,0,0,1,0,0,0,1,1,1
303,220916,1,0,1,1,0,1,1,1,0,1,1,1,0,1,1
304,222534,0,0,1,1,1,1,1,1,1,1,0,1,0,1,1
305,220923,1,1,1,0,1,1,1,1,1,1,1,1,1,1,1
306,220479,0,0,0,0,1,1,0,0,0,1,0,0,0,0,1
307,223086,0,0,0,0,1,0,0,0,0,0,0,0,1,0,0
308,300000,0,0,1,0,0,0,1,0,1,1,1,1,1,1,1
309,223177,0,0,0,0,0,0,0,0,0,0,0,0,0,0,0
310,223669,0,0,0,0,0,0,0,0,0,1,1,1,0,0,0
311,221181,0,0,1,1,0,1,1,1,1,1,1,1,1,1,1
312,221690,0,0,0,0,0,0,0,0,0,0,0,0,0,0,0
313,221633,1,0,1,0,0,1,0,0,0,0,0,0,1,1,1
314,222185,0,1,1,1,0,1,1,1,0,1,1,0,1,1,1
315,222207,0,0,0,0,0,1,0,1,1,1,1,0,0,0,0
316,220674,0,0,0,0,0,0,0,0,0,0,0,0,0,0,1
317,222190,1,0,1,0,0,0,0,0,1,0,0,0,0,0,0
318,220280,0,1,1,0,1,1,0,1,1,1,1,1,0,1,1
319,221955,0,0,0,0,0,0,1,0,0,1,0,1,1,1,1
320,220649,1,1,0,0,0,1,0,0,1,0,0,0,1,1,0
321,223987,1,0,1,0,0,0,0,0,0,0,0,0,0,0,0
322,220214,1,1,1,1,1,0,1,1,1,1,1,1,1,1,1
323,223697,1,0,0,1,1,0,0,1,0,1,1,1,0,1,1
324,221026,0,1,1,0,1,0,0,1,1,1,1,0,0,1,1
325,223361,0,0,0,0,0,0,0,0,0,0,0,0,0,0,0
326,222159,0,1,0,1,0,1,1,1,1,1,0,1,1,1,1
327,220686,1,1,0,0,1,0,1,0,0,1,0,1,1,1,1
328,221055,1,1,0,0,1,1,1,0,0,1,0,1,1,1,0
329,221290,0,0,0,0,0,1,0,1,1,1,0,0,1,1,1
330,222449,0,0,0,0,0,0,0,0,0,0,0,0,0,0,0
331,220244,0,0,0,0,1,1,0,0,0,1,0,1,1,1,1
332,221798,0,0,1,1,1,1,1,1,1,1,1,1,1,1,1
333,221266,0,0,0,0,0,0,0,0,0,0,0,0,0,0,0
334,300000,0,0,0,0,0,1,0,1,0,0,0,0,0,0,0
335,223660,0,0,0,1,0,0,0,0,0,0,0,0,0,0,0
336,222700,0,1,1,0,0,0,0,1,0,1,0,1,1,1,1
337,221458,1,1,0,1,1,0,0,0,0,1,0,1,0,0,1
338,222216,0,0,1,1,0,1,1,1,1,1,1,1,1,1,1
339,222796,0,0,0,0,0,0,0,0,0,0,0,0,1,1,1
340,220196,1,0,0,0,0,0,0,0,0,0,1,1,0,0,1
341,222625,0,0,0,1,1,1,0,1,1,0,1,0,0,1,1
342,221190,0,0,0,0,0,0,0,0,0,0,0,0,0,0,0
343,222234,1,0,0,0,0,0,0,0,0,0,0,1,0,1,1
344,220817,0,1,0,1,0,1,0,0,0,1,0,1,1,1,1
345,222701,0,1,1,1,1,0,1,1,1,1,1,1,1,1,1
346,220694,0,1,0,1,0,1,0,0,0,0,0,0,0,0,0
347,220292,1,1,1,1,1,1,1,1,1,1,1,1,1,1,1
348,221287,0,0,0,0,0,0,0,0,0,0,0,0,0,0,0
349,222600,0,1,1,1,1,0,1,1,1,1,1,1,0,1,1
350,221467,1,0,0,1,1,0,1,1,1,1,0,1,0,1,1
351,221848,1,1,1,0,1,1,1,1,0,0,0,1,1,1,1
352,222655,0,0,0,0,1,1,0,0,1,1,0,1,1,1,1
353,221185,1,0,0,0,1,0,1,1,1,1,1,1,1,1,1
354,221438,0,0,0,1,1,1,1,1,0,1,1,1,1,1,1
355,221924,0,1,1,1,0,0,1,1,1,1,1,1,1,1,1
356,220953,0,1,0,1,0,1,1,1,1,1,1,1,1,1,1
357,223380,1,1,1,0,1,0,0,1,1,1,0,1,0,1,1
358,223564,0,0,0,1,1,0,1,1,1,1,0,1,1,1,1
359,223639,0,1,1,0,1,0,0,0,1,1,0,1,1,1,1
360,221975,0,0,0,0,0,0,1,0,0,0,0,1,1,1,1
361,221896,0,0,1,0,0,1,0,0,0,0,0,1,0,0,1
362,223501,0,0,0,0,0,0,0,0,0,1,0,0,0,0,0
363,223993,1,1,1,1,1,1,0,1,1,1,1,1,1,1,1
364,221709,0,1,0,0,0,0,0,0,0,0,0,0,0,0,0
365,222609,1,1,0,1,1,1,0,1,1,1,1,1,1,1,1
366,220744,1,0,1,1,1,1,1,1,0,1,1,1,1,1,1
367,221952,0,1,0,1,1,0,0,1,1,1,1,1,1,1,1
368,220930,1,0,1,1,1,1,1,1,1,1,0,1,1,1,1
369,220302,0,0,0,0,0,0,1,0,0,0,0,0,0,0,0
370,220185,0,1,0,0,0,0,0,0,1,0,0,1,1,1,1
371,222648,0,0,0,0,0,0,0,0,1,0,0,0,0,0,1
372,223860,1,0,1,1,1,0,0,1,1,1,1,1,1,1,1
373,221581,1,0,1,1,1,1,1,1,1,1,1,1,1,1,1
374,220493,1,0,1,0,1,1,1,1,1,1,1,1,1,1,1
375,220647,1,1,0,0,1,0,1,1,0,1,1,1,0,1,1
376,300000,0,0,0,0,0,0,0,0,0,0,0,0,0,1,1
377,220342,0,0,0,0,0,0,0,0,0,0,1,1,1,1,1
378,222272,0,1,1,0,1,1,0,1,1,1,1,1,0,1,1
379,220888,0,0,0,1,1,1,1,1,1,1,1,1,0,1,1
380,222965,1,1,0,1,1,1,1,1,0,1,1,1,0,1,1
381,223054,0,1,0,1,1,1,1,1,0,1,1,1,1,1,1
382,221161,1,1,1,1,1,1,1,1,1,1,1,1,1,1,1
383,223581,1,0,0,0,0,0,0,0,0,1,0,0,0,0,0
384,221737,0,1,1,1,0,1,1,1,1,1,1,1,1,1,1
385,222672,1,0,1,0,0,1,0,1,0,0,1,1,1,1,1
386,222959,1,0,1,1,1,1,1,1,0,1,1,1,1,1,1
387,224002,0,0,0,1,1,1,1,1,1,1,1,1,1,1,1
388,220459,0,0,0,0,0,0,0,0,0,0,0,0,0,0,0
389,220531,0,0,1,1,0,0,1,1,1,1,1,1,1,1,1
390,220793,0,0,1,0,0,0,1,1,1,1,1,1,1,1,1
391,222340,0,1,1,0,0,1,0,0,0,1,0,0,1,1,1
392,220065,0,0,0,0,0,0,0,0,0,0,0,0,0,0,0
393,222975,0,0,0,1,1,1,0,0,1,0,0,1,1,1,1
394,220351,0,0,0,0,1,0,0,0,0,1,0,0,1,1,1
395,222380,1,0,0,0,0,0,1,1,1,1,1,1,0,1,1
396,222402,1,0,1,1,1,1,0,1,1,1,1,1,0,1,1
397,221508,1,1,1,0,1,1,1,1,1,1,1,1,1,1,1
398,222293,0,0,0,0,0,0,1,1,1,1,0,1,1,1,1
399,224008,0,0,0,1,0,0,0,1,0,1,0,1,1,1,1
400,222215,0,0,1,1,0,1,0,1,1,1,1,1,1,1,1
401,300000,0,0,1,1,0,0,0,0,0,0,0,0,0,0,0
402,300000,0,0,0,0,0,1,0,0,1,0,0,0,0,0,1
403,300000,0,0,0,0,0,1,1,0,1,0,0,0,1,1,1
404,220066,1,0,1,0,1,0,0,1,1,0,0,0,1,1,1
405,222291,1,1,0,1,1,0,1,1,0,1,0,1,1,1,1
406,221170,0,0,0,0,0,1,0,0,0,0,0,0,0,0,0
407,220762,1,1,1,1,1,0,1,1,1,1,0,1,0,1,1
408,300000,0,0,1,0,1,1,0,0,1,0,0,1,0,1,1
409,223181,0,0,0,0,0,0,0,0,0,0,0,0,0,0,0
410,220675,0,0,1,1,0,0,1,1,0,1,1,1,1,1,1
411,221205,0,0,0,0,0,0,0,0,0,0,0,0,0,0,0
412,221480,0,0,0,0,0,0,0,0,0,0,0,0,0,0,0
413,221815,0,0,0,0,0,0,0,0,0,0,0,1,0,1,1
414,223426,0,0,1,0,1,1,1,1,0,1,0,1,1,1,1
415,223957,1,0,1,0,0,0,0,1,0,1,1,1,1,1,1
416,220763,0,1,1,0,0,1,0,1,1,1,1,1,0,1,1
417,221003,0,1,1,1,0,0,0,0,0,0,1,1,1,0,1
418,224030,1,1,1,1,0,1,1,1,1,1,1,1,1,1,1
419,220033,0,1,1,0,1,1,1,1,1,1,1,1,1,1,1
420,223710,1,0,0,0,0,1,1,0,0,0,1,1,1,1,1
421,221426,1,0,0,1,0,0,0,1,0,0,0,0,1,1,1
422,220041,1,1,1,0,0,0,1,1,1,1,1,1,1,1,1
423,300000,0,0,1,0,0,0,0,1,0,0,1,1,0,1,1
424,220435,1,0,0,1,0,0,0,1,0,1,0,1,1,1,1
425,223058,1,1,0,1,1,0,1,1,1,1,1,1,0,1,1
426,223437,0,0,0,0,0,0,0,0,0,0,0,1,0,0,0
427,221491,0,0,0,0,0,1,0,0,0,0,0,0,0,0,0
428,223256,1,0,0,0,0,0,0,0,0,0,0,0,0,0,0
429,223402,0,0,0,0,1,1,1,1,1,0,0,1,1,1,1
430,220197,0,0,0,0,1,0,0,0,0,0,0,0,0,1,0
431,223688,0,1,0,1,1,1,1,1,1,1,1,1,1,1,1
432,220594,1,0,1,1,1,1,1,1,1,1,1,1,0,1,1
433,222172,0,0,0,0,0,0,1,0,0,0,0,0,0,0,0
434,220826,1,1,0,1,1,0,1,1,1,1,1,1,1,1,1
435,222448,0,1,1,0,0,1,0,1,0,0,1,0,1,0,1
436,220328,1,0,0,0,0,0,1,0,1,0,0,1,1,1,1
437,221881,1,1,1,1,1,1,1,1,1,1,1,1,1,1,1
438,222069,0,0,0,0,0,1,0,0,0,0,0,0,0,0,1
439,220860,1,0,0,1,0,0,1,0,1,1,1,1,0,1,1
440,300000,1,1,0,0,0,0,0,0,0,0,1,0,0,0,0
441,223027,0,1,0,0,0,0,0,0,0,0,0,0,0,0,0
442,221727,0,1,1,0,1,1,1,1,1,1,1,1,0,1,1
443,222411,1,1,1,1,1,0,1,1,1,1,1,1,0,1,1
444,222024,0,0,0,0,0,0,0,1,1,0,0,0,0,1,0
445,223729,0,0,0,0,0,1,0,1,0,0,0,0,0,1,1
446,222250,0,0,0,1,1,1,0,1,0,1,0,1,0,1,1
447,220600,0,1,0,0,1,0,1,1,1,1,1,1,1,1,1
448,220945,0,0,1,1,1,0,1,1,1,1,1,1,0,1,1
449,221443,0,0,0,0,0,0,0,0,0,0,0,0,0,0,0
450,223626,1,1,0,0,1,0,0,1,1,1,0,1,0,1,1
451,223142,0,0,0,0,0,0,0,0,0,0,0,0,1,1,1
452,221114,0,0,0,0,0,0,0,0,0,0,0,0,0,0,0
453,300000,1,0,1,1,0,0,1,1,1,1,1,0,1,1,1
454,222789,1,1,1,0,1,1,1,1,1,1,1,1,1,1,1
455,220086,1,0,0,0,0,1,0,0,1,1,0,0,0,0,1
456,222249,0,0,0,0,0,1,1,1,1,1,0,1,1,1,1
457,300000,0,0,0,0,0,0,0,0,1,0,0,0,0,0,1
458,220456,1,1,0,1,1,1,0,1,1,1,1,1,0,1,1
459,220175,0,0,0,0,0,1,1,1,1,1,1,1,0,1,1
460,221522,0,0,0,0,0,0,0,0,0,0,0,0,0,0,0
461,300000,0,0,0,1,0,0,0,0,0,0,0,1,0,0,1
462,221127,0,1,0,0,0,1,1,0,0,1,1,0,1,1,1
463,220673,1,1,1,1,1,1,1,1,1,1,1,1,1,1,1
464,223444,0,0,0,0,0,0,0,0,0,0,0,0,0,0,0
465,222308,0,0,0,0,1,0,0,0,1,0,0,1,1,1,1
466,220845,1,1,1,1,1,0,0,1,0,1,1,0,0,1,1
467,223395,1,1,0,1,1,1,1,1,1,1,1,1,0,1,1
468,223015,1,1,0,0,0,0,1,1,1,1,0,1,1,1,1
469,300000,0,1,0,0,0,0,1,0,1,1,0,1,0,1,1
470,221913,0,1,1,1,0,1,0,1,1,1,1,1,1,1,1
471,223967,0,0,1,1,1,0,0,1,1,1,1,1,1,1,1
472,223071,0,0,0,0,0,0,0,0,0,0,0,0,0,0,0
473,223185,1,0,0,1,0,0,1,1,0,1,1,1,1,1,1
474,221988,0,0,0,0,0,0,0,0,0,0,0,0,0,0,0
475,221691,1,1,1,1,0,0,0,1,1,1,1,1,0,1,1
476,222405,0,1,1,0,0,1,1,1,0,1,1,1,0,1,1
477,300000,0,0,0,0,0,0,0,0,0,0,0,1,0,1,0
478,221688,0,0,0,0,0,0,0,0,0,0,0,0,0,0,0
479,223358,0,0,0,0,1,0,0,0,1,1,0,1,1,1,1
480,221526,1,0,1,1,1,1,1,1,1,1,1,1,0,1,1
481,223852,1,1,1,1,1,1,1,1,1,1,1,1,1,1,1
482,221495,0,0,0,0,0,0,0,0,0,0,0,0,0,0,0
483,223910,1,0,1,0,0,1,0,1,0,1,0,1,0,1,1
484,224024,0,1,0,0,0,1,0,1,1,1,0,1,1,1,1
485,220432,0,1,1,1,1,1,1,1,1,1,1,1,1,1,1
486,220865,0,0,0,1,0,0,0,0,0,0,0,0,0,0,0
487,220506,0,0,0,1,0,0,0,1,0,0,0,0,0,0,1
488,221274,0,0,0,0,0,0,0,0,0,0,1,1,1,1,1
489,221128,1,1,0,1,0,1,1,1,1,1,1,1,0,1,1
490,221805,1,1,1,0,1,1,1,1,0,1,1,1,0,1,1
491,300000,0,0,0,0,0,0,1,1,0,0,0,1,1,1,1
492,220536,1,1,1,1,1,1,1,1,1,1,0,1,1,1,1
493,223190,0,0,1,1,1,1,1,1,0,1,1,1,1,1,1
494,300000,0,0,0,0,0,0,0,0,0,0,0,0,1,0,1
495,222346,1,0,0,0,0,0,0,0,0,0,0,0,0,0,0
496,221662,1,1,0,1,1,1,1,1,0,1,0,1,1,1,1
497,220918,1,1,1,1,1,1,0,1,1,1,1,1,0,1,1
498,300000,0,0,0,0,1,1,1,0,0,0,0,0,1,1,1
499,220897,0,1,0,0,0,0,0,0,0,0,1,0,0,0,0
500,220749,0,0,0,0,0,0,0,0,0,0,0,0,0,0,0
501,221016,0,0,0,0,0,0,0,0,0,0,0,0,0,0,0
502,220082,0,1,1,1,1,1,1,1,1,1,1,1,1,1,1
503,222030,0,0,0,0,0,0,0,0,0,0,0,0,0,0,0
504,222962,0,0,0,0,0,0,0,0,0,0,0,0,0,0,0
505,221260,0,0,0,0,0,0,0,0,0,0,0,0,0,0,0
506,220446,1,0,1,1,1,1,0,1,1,1,1,1,1,1,1
507,221689,0,1,0,0,1,1,1,1,1,1,0,1,1,1,1
508,221316,1,0,0,1,1,1,1,1,0,1,1,1,1,1,1
509,223597,1,1,0,1,1,0,1,1,0,1,0,1,1,1,1
510,221361,0,0,0,0,0,0,0,0,0,0,0,0,0,0,0
511,300000,0,1,1,0,0,0,1,1,1,1,0,1,1,1,1
512,300000,0,1,0,0,0,0,1,0,0,0,0,1,1,0,0
513,221862,0,0,1,0,1,0,0,1,0,1,1,1,0,1,1
514,221173,0,1,0,0,0,0,0,0,0,0,0,0,0,0,0
515,221995,1,1,1,1,1,1,1,1,1,1,1,1,1,1,1
516,221743,1,0,0,1,0,1,1,1,1,0,1,1,1,1,1
517,221551,0,1,0,0,1,1,1,0,1,1,1,1,1,1,1
518,300000,0,0,0,0,0,0,0,0,0,0,0,1,1,1,1
519,222217,0,0,0,0,0,0,0,0,0,0,0,0,0,0,0
520,222895,0,0,0,0,0,0,0,0,0,0,0,0,0,0,0
521,220067,0,1,1,0,1,0,1,1,1,1,1,1,1,1,1
522,223742,0,0,0,0,1,1,0,1,0,1,1,1,1,1,1
523,221408,1,1,0,0,0,0,0,0,0,0,0,0,0,0,1
524,300000,0,0,0,0,0,0,0,0,0,0,0,0,0,0,0
525,220824,0,1,0,0,0,0,0,0,0,0,0,0,0,0,0
526,223708,0,0,0,0,0,0,0,0,0,0,0,0,0,0,0
527,221310,0,1,1,1,1,1,1,1,1,1,1,1,0,1,1
528,220759,1,1,0,0,0,0,0,0,0,0,0,0,0,0,0
529,223853,0,0,0,0,0,0,0,0,0,0,0,0,0,0,0
530,222379,1,1,1,1,1,0,1,1,0,1,1,1,1,1,1
531,220919,0,0,0,0,1,0,1,0,0,1,0,1,0,1,0
532,223835,0,1,1,1,1,0,1,1,1,1,1,0,1,1,1
533,221976,0,0,0,0,0,1,0,0,0,0,0,0,1,0,1
534,222578,1,0,0,1,1,1,1,1,1,1,0,1,1,1,1
535,221389,0,0,0,0,1,0,0,0,0,1,0,0,0,0,0
536,300000,0,0,0,0,0,0,0,0,0,0,0,0,0,0,0
537,221984,1,0,1,1,1,0,0,1,1,1,1,1,1,1,1
538,221642,0,0,0,0,0,0,0,1,0,0,1,0,1,0,0
539,222677,1,0,0,0,0,0,0,1,0,1,1,1,1,1,1
540,300000,0,0,0,0,0,0,0,0,0,0,0,0,0,0,0
541,220385,1,1,1,1,0,0,1,1,0,0,1,1,1,1,1
542,221418,1,1,1,0,1,1,0,0,0,1,1,0,0,0,1
543,222979,1,0,1,0,1,1,0,1,1,1,1,1,1,1,1
544,223684,0,0,0,1,0,0,0,0,0,0,0,0,0,0,0
545,221819,1,0,1,1,0,1,1,1,1,1,1,1,1,1,1
546,223066,1,1,1,1,1,0,1,1,0,1,0,1,0,0,1
547,223267,0,1,0,0,0,0,0,0,0,1,0,0,0,1,1
548,223707,0,1,0,1,1,1,0,1,1,0,0,0,1,1,0
549,223400,1,0,0,0,0,1,0,0,0,1,1,0,0,1,1
550,220812,0,0,0,0,0,0,0,0,0,0,0,0,0,0,0
551,300000,0,0,0,0,0,0,0,0,0,0,0,1,1,1,0
552,220863,0,0,0,0,0,0,0,0,0,0,0,0,0,0,0
553,222133,0,0,1,0,0,1,0,0,1,1,0,1,1,1,1
554,221719,0,0,0,0,0,0,0,0,0,0,0,0,0,0,0
555,223354,1,0,0,0,0,0,0,1,0,0,0,1,0,1,1
556,220128,1,1,1,0,1,0,0,1,1,1,1,1,1,1,1
557,220332,0,1,0,1,1,1,1,1,0,0,0,1,1,1,1
558,221610,1,1,1,1,1,0,1,1,1,1,1,1,1,1,1
559,223681,0,0,0,0,0,0,0,0,0,0,1,0,0,0,0
560,223031,0,0,0,0,0,0,0,0,0,0,0,0,0,0,0
561,220429,1,1,1,1,1,1,1,1,1,1,1,1,1,1,1
562,221387,0,0,1,1,1,1,1,1,1,1,0,1,0,1,1
563,222617,1,0,1,0,1,1,1,1,1,1,1,1,0,1,1
564,221589,0,0,1,0,0,0,1,1,0,1,1,1,1,1,1
565,223518,1,1,1,0,1,0,1,0,1,1,1,1,1,1,1
566,300000,0,1,0,1,0,1,1,0,0,0,0,1,1,1,1
567,224012,0,1,1,0,0,1,1,1,1,1,1,1,1,1,1
568,221989,1,1,1,1,1,0,0,1,1,1,1,1,1,1,1
569,222931,0,0,0,0,0,0,0,0,0,0,0,0,0,0,0
570,223916,1,0,1,1,1,1,1,1,1,1,1,1,0,1,1
571,220323,1,0,1,1,1,1,1,1,1,1,0,1,1,1,1
572,221376,1,1,1,1,1,1,0,1,1,1,1,1,1,1,1
573,300000,1,1,0,0,1,1,0,1,0,1,0,0,1,0,0
574,222429,0,0,0,0,0,0,0,0,0,0,0,0,0,0,0
575,223421,1,0,0,0,0,0,0,0,0,0,0,0,0,0,1
576,221106,1,0,1,0,0,1,1,1,0,1,0,1,1,1,1
577,223605,0,1,0,0,0,1,1,1,0,1,1,0,0,1,1
578,221781,1,0,1,0,1,1,1,1,0,1,1,1,1,1,1
579,300000,0,0,1,0,0,0,0,1,1,1,1,1,0,1,1
580,222950,1,0,0,1,0,0,0,0,0,0,1,0,0,0,0
581,220731,0,0,0,0,0,0,0,0,0,0,0,0,0,0,0
582,223405,1,0,0,0,0,1,0,1,0,0,0,1,1,1,1
583,220448,1,1,0,1,1,0,1,1,1,1,1,1,1,1,1
584,223999,0,1,1,1,1,0,1,1,1,1,1,0,1,1,1
585,222739,1,1,0,0,1,0,1,1,1,1,1,1,1,1,1
586,221089,1,0,0,1,1,0,1,1,1,1,1,1,0,1,1
587,222772,0,0,0,0,0,0,0,0,0,0,0,0,0,0,0
588,221859,0,0,0,0,0,0,1,0,0,0,1,1,1,1,1
589,220480,0,0,0,0,0,0,0,0,1,0,0,1,1,1,1
590,223816,0,0,0,0,0,0,0,0,0,0,0,0,0,0,0
591,221767,1,1,0,0,0,0,0,0,0,0,1,0,0,0,0
592,221890,0,0,1,0,0,0,1,0,0,0,1,0,1,0,0
593,220921,1,0,1,1,1,1,1,1,1,1,1,1,1,1,1
594,223940,1,1,0,1,1,1,0,1,0,1,1,0,0,0,1
595,222412,0,1,0,0,1,1,1,0,1,1,0,0,1,1,1
596,222414,1,0,1,1,1,0,1,1,1,0,1,1,1,1,1
597,223774,1,1,1,1,1,0,1,1,1,1,1,1,1,1,1
598,220031,0,1,1,1,1,0,1,1,1,1,0,1,1,1,1
599,222507,0,1,1,1,1,0,1,1,1,1,1,0,0,1,1
600,223121,0,0,1,0,1,0,1,0,0,1,0,1,0,1,1
601,223530,1,1,1,1,1,0,1,1,1,1,1,1,1,1,1
602,222622,0,0,0,0,0,0,0,0,0,0,0,0,0,0,0
603,222310,0,0,0,0,0,0,0,0,0,0,0,0,0,0,0
604,222708,0,0,0,0,1,0,1,1,0,0,0,1,0,0,0
605,220019,0,0,0,0,0,0,0,1,0,0,0,0,0,0,1
606,222744,1,1,0,1,1,1,0,1,1,1,1,1,1,1,1
607,222954,0,0,0,1,0,1,0,1,1,1,0,0,0,1,1
608,223192,0,0,0,0,1,0,0,1,0,0,0,0,0,0,0
609,223140,0,0,0,0,0,0,0,0,0,0,0,1,1,1,1
610,220562,0,0,0,0,0,0,0,0,0,0,0,0,0,0,0
611,221846,1,0,1,1,1,1,0,1,0,1,1,1,0,1,1
612,223695,1,1,0,0,0,0,0,0,0,1,0,0,0,0,0
613,223050,1,1,1,1,1,0,1,1,1,1,1,1,1,1,1
614,222615,0,0,0,0,1,1,1,1,1,1,0,1,1,1,1
615,220283,1,1,1,0,1,0,1,1,1,1,1,1,1,1,1
616,222439,0,1,1,1,1,1,1,1,1,1,1,1,0,1,1
617,221886,0,1,1,0,1,0,0,1,1,1,0,1,1,1,1
618,221935,0,1,0,0,1,0,0,0,1,0,0,1,0,1,1
619,221788,0,0,0,0,0,0,0,0,0,1,0,1,0,0,1
620,220069,0,1,0,0,0,0,0,0,0,1,0,0,0,0,0
621,222566,1,0,0,1,0,0,1,1,1,1,1,1,1,1,1
622,220378,0,0,0,0,0,0,0,0,0,0,0,0,0,0,0
623,221617,0,0,0,0,0,0,0,0,0,0,0,0,0,0,0
624,223554,0,1,0,1,0,1,0,0,1,1,0,0,0,0,0
625,223846,0,1,0,0,0,1,0,1,1,1,1,1,1,1,1
626,221552,0,1,1,1,1,0,1,1,0,1,1,1,0,1,1
627,221770,0,1,1,0,1,0,0,0,0,1,0,1,1,1,1
628,220077,0,0,0,1,0,1,1,1,1,1,1,1,0,1,1
629,223317,0,0,0,0,1,0,1,0,1,1,0,1,1,1,1
630,222075,0,0,1,0,0,1,1,1,1,1,1,1,1,1,1
631,220709,0,0,0,0,1,0,1,1,1,1,0,1,1,1,1
632,221148,1,1,0,1,1,1,1,1,1,0,1,1,1,1,1
633,223557,1,0,0,1,0,1,0,1,1,1,1,1,0,1,1
634,221628,1,0,1,1,1,1,1,1,0,1,0,1,1,1,1
635,222914,0,1,1,1,1,1,1,1,1,1,1,1,1,1,1
636,220028,0,1,0,1,1,0,1,1,1,0,0,1,0,1,1
637,221025,0,0,0,0,0,0,0,1,1,0,0,0,0,1,1
638,224040,0,0,0,0,1,0,1,1,0,0,0,1,0,1,0
639,300000,1,0,0,0,0,1,1,0,1,0,0,1,1,1,1
640,222084,1,0,0,1,1,1,1,1,1,1,1,1,1,1,1
641,220584,0,1,0,0,1,1,1,1,1,1,1,1,0,1,1
642,222491,0,0,0,0,1,0,0,1,1,1,0,1,1,1,1
643,220786,1,1,1,0,1,1,1,1,1,1,0,1,1,1,1
644,222985,0,0,0,0,1,0,0,0,0,0,0,1,1,1,1
645,221543,0,0,0,0,1,1,0,1,0,0,1,1,0,1,1
646,221592,1,0,0,0,0,0,0,0,0,0,0,0,0,0,0
647,223491,0,0,0,0,0,1,1,1,1,1,0,1,1,1,1
648,221147,0,0,1,1,1,1,0,1,0,1,1,1,1,1,1
649,223878,0,1,0,1,1,0,0,1,1,1,0,1,1,1,1
650,223902,0,0,1,1,1,1,1,0,1,1,1,1,0,1,1
651,222694,0,0,0,0,0,0,0,0,0,0,0,1,0,1,1
652,223413,0,1,0,0,1,1,1,1,1,1,1,1,1,1,1
653,300000,0,0,1,0,0,0,1,1,0,1,1,1,1,1,1
654,223614,0,1,0,1,1,1,1,1,1,1,1,1,1,1,1
655,221150,1,0,1,1,1,0,0,1,1,1,1,1,1,1,1
656,220187,0,1,0,0,0,1,1,1,1,1,1,1,0,1,1
657,222976,0,0,0,0,0,0,0,0,0,0,0,0,0,0,0
658,220346,0,0,0,0,0,0,0,0,0,0,0,0,0,0,0
659,221487,0,0,1,1,1,1,1,1,0,1,1,1,1,1,1
660,220593,1,0,1,1,1,1,0,1,1,1,0,1,0,1,1
661,221430,1,1,1,1,1,1,1,1,1,1,1,1,1,1,1
662,220973,0,0,0,0,0,0,0,0,0,0,0,0,0,0,0
663,221527,1,0,1,1,1,0,0,1,1,1,1,1,0,1,1
664,223294,0,0,0,0,0,0,0,0,0,0,0,0,0,0,0
665,222443,1,0,0,1,0,1,1,1,1,1,1,1,1,1,1
666,220825,0,0,0,0,0,0,0,0,0,0,0,0,0,0,0
667,222846,0,0,0,0,1,0,0,1,0,0,1,0,0,0,1
668,222051,1,0,0,0,1,0,0,1,0,1,1,1,0,1,0
669,223904,0,0,0,0,1,0,0,0,1,0,0,0,0,0,0
670,222797,0,1,0,0,1,1,0,1,0,1,0,1,0,1,1
671,221937,1,0,1,1,0,1,1,1,1,1,1,1,0,1,1
672,222618,1,0,1,1,1,0,1,1,0,1,1,1,1,1,1
673,223746,0,0,0,1,1,1,1,1,1,1,1,1,0,1,1
674,222852,0,0,0,0,0,0,0,0,0,0,0,0,0,0,0
675,223519,0,1,0,1,1,0,0,1,0,1,0,1,0,1,1
676,222955,0,0,0,0,0,1,0,1,0,0,0,0,0,0,0
677,220622,1,1,1,0,1,0,1,1,1,1,0,1,1,1,1
678,222358,0,1,1,1,1,1,1,1,1,1,0,1,0,1,1
679,222943,1,0,1,1,1,0,0,1,1,1,1,1,0,1,1
680,223768,0,0,0,0,0,1,0,1,0,1,0,0,1,0,1
681,222367,0,1,1,1,1,1,0,1,1,1,1,0,0,1,1
682,221162,0,0,0,1,0,1,0,0,1,1,1,1,0,1,1
683,220778,1,1,1,1,1,1,1,1,1,1,0,1,0,1,1
684,222296,1,0,0,0,0,0,0,1,0,0,0,0,0,0,0
685,221175,0,0,0,0,0,1,0,0,1,0,0,0,0,1,1
686,223682,0,0,0,0,0,1,0,0,0,0,1,1,1,1,1
687,223290,1,1,1,1,1,1,1,1,1,1,1,1,1,1,1
688,221371,1,1,1,1,1,1,1,1,0,1,1,1,1,1,1
689,221880,1,1,1,1,1,1,0,1,1,1,1,1,1,1,1
690,222926,0,0,1,1,1,1,1,1,0,1,1,1,0,1,1
691,222573,1,1,1,1,1,0,1,1,1,1,0,1,0,1,1
692,221289,1,0,0,1,1,1,1,1,1,1,0,1,1,1,1
693,220237,0,0,0,0,0,1,0,0,0,0,0,0,0,0,0
694,220253,0,0,0,0,0,0,0,0,0,0,1,0,0,0,0
695,220955,0,1,0,1,1,0,1,1,0,1,1,1,1,1,1
696,223003,0,0,0,0,0,1,0,0,0,1,1,1,1,0,1
697,221178,0,0,0,0,0,0,0,0,0,0,0,0,1,0,0
698,223293,0,1,0,0,0,0,0,0,0,0,0,0,0,0,0
699,221658,0,0,0,0,0,0,0,1,0,0,0,0,1,0,1
700,222052,0,0,0,0,0,0,0,0,0,0,0,0,0,0,0
701,223979,1,1,0,1,0,0,0,1,1,0,0,0,0,1,1
702,221666,0,0,0,0,0,0,0,0,0,0,0,0,0,0,0
703,221356,0,0,0,0,0,0,0,1,1,0,0,0,0,0,1
704,221433,1,1,1,1,1,1,1,1,1,1,1,1,1,1,1
705,220782,1,0,1,1,0,1,1,1,1,1,1,1,1,1,1
706,223115,1,0,0,0,1,1,0,1,1,1,0,1,1,1,1
707,221698,1,1,0,1,1,1,0,1,1,1,1,1,1,1,1
708,223108,0,0,0,0,0,0,1,0,0,0,0,0,0,0,0
709,221857,1,0,0,1,0,0,1,0,0,0,0,1,0,1,1
710,221344,0,0,0,0,0,0,0,0,0,0,0,0,0,0,0
711,223962,0,1,0,1,0,0,0,1,1,1,1,1,0,1,1
712,221182,1,0,1,1,1,0,1,1,1,0,0,1,1,1,1
713,222605,0,0,0,0,0,0,0,0,0,0,0,0,1,1,1
714,222620,0,0,0,0,1,0,0,0,0,0,0,0,0,0,0
715,220655,1,1,1,1,0,1,0,1,1,1,1,1,1,1,1
716,223009,0,0,0,0,0,0,1,0,0,1,0,1,0,1,1
717,223080,1,0,0,1,1,1,1,1,1,1,1,1,0,1,1
718,222488,0,0,0,0,0,0,1,1,1,0,1,0,0,0,1
719,221123,0,1,0,1,1,1,1,1,1,1,1,1,0,1,1
720,220433,1,0,0,1,1,1,1,1,1,1,1,1,1,1,1
721,300000,0,0,0,0,0,0,0,1,1,0,0,0,0,1,1
722,220111,1,0,1,0,0,0,0,0,0,1,0,0,0,0,0
723,222753,0,1,1,0,1,1,1,1,1,1,1,1,1,1,1
724,223370,0,0,0,0,0,0,0,0,0,0,0,0,0,0,0
725,220410,0,0,1,1,1,0,0,1,1,1,1,1,0,1,1
726,222723,0,1,0,0,0,1,0,0,0,1,1,1,1,1,1
727,220172,0,0,0,1,0,0,0,0,0,0,0,0,0,1,1
728,221475,0,0,0,0,0,0,0,0,0,0,0,1,1,1,1
729,223129,1,1,0,0,0,0,0,0,0,1,1,1,1,1,1
730,221298,1,0,0,0,1,1,1,1,1,0,0,1,0,1,1
731,220548,1,0,0,0,0,1,1,1,1,1,1,1,0,1,1
732,221327,0,1,1,1,1,0,1,1,0,1,1,1,1,1,1
733,221740,0,0,0,0,0,0,0,1,1,0,0,0,0,0,0
734,224032,0,0,1,1,1,0,0,1,0,0,0,1,1,1,1
735,220640,0,0,0,0,0,0,0,0,0,0,0,0,0,0,0
736,223575,1,1,1,1,0,1,0,1,1,1,0,1,1,1,1
737,222110,0,0,0,0,0,0,1,1,1,1,0,1,1,1,1
738,220189,0,0,0,0,0,0,0,0,0,0,0,0,0,0,0
739,223831,0,0,0,1,0,0,0,0,0,0,0,0,0,0,0
740,220752,0,0,0,0,1,0,0,0,0,0,0,0,0,0,0
741,222935,0,1,0,1,0,0,1,1,1,1,1,0,0,1,1
742,222878,1,0,0,0,0,0,0,0,1,0,0,0,0,0,0
743,220924,0,1,1,1,1,1,0,1,1,0,0,1,1,1,1
744,221902,0,1,1,0,1,0,1,1,1,1,1,1,1,1,1
745,224041,0,0,0,0,0,0,0,0,0,0,0,0,0,0,1
746,221144,1,0,0,1,0,1,1,1,1,1,1,1,1,1,1
747,220909,1,1,1,0,1,0,1,1,1,1,1,1,1,1,1
748,220937,0,0,0,0,0,0,0,0,0,0,0,0,0,0,0
749,222399,1,0,0,1,0,0,0,1,0,0,0,0,0,0,1
750,222590,0,1,0,0,1,1,1,1,1,0,1,1,1,1,1
751,221697,0,0,0,0,0,0,0,0,0,0,0,0,0,0,0
752,223135,1,1,1,1,1,0,1,1,1,1,0,1,0,1,1
753,222021,1,1,1,1,1,0,0,1,1,1,1,1,1,1,1
754,221713,0,0,1,1,1,1,1,1,1,1,1,1,0,1,1
755,223919,1,1,0,0,0,1,1,1,1,1,1,1,0,0,1
756,222355,1,0,1,1,1,1,1,1,1,1,1,0,1,1,1
757,221437,0,0,1,0,0,0,0,0,0,0,0,0,0,1,1
758,222460,0,1,0,1,1,1,1,1,1,1,1,1,1,1,1
759,221070,0,0,0,0,0,0,1,0,1,0,1,1,1,1,0
760,221017,1,1,1,0,1,1,1,1,1,1,1,1,0,1,1
761,223800,1,0,0,0,1,1,0,0,1,1,1,1,0,1,1
762,222082,1,0,0,1,0,0,0,0,0,1,0,0,0,0,1
763,220143,0,0,0,1,0,0,0,1,1,0,0,1,0,1,1
764,220371,1,1,1,1,1,0,1,1,1,1,1,1,1,1,1
765,220681,0,0,0,0,0,0,1,0,0,1,0,0,1,1,0
766,222396,0,1,0,0,1,1,0,0,0,0,0,0,0,1,1
767,221959,0,1,0,0,1,0,0,1,0,1,1,1,1,1,1
768,223415,0,0,0,1,0,0,0,0,0,1,0,1,1,1,1
769,223302,0,0,0,0,0,1,0,1,1,1,1,1,0,1,1
770,221471,1,0,1,0,1,0,1,1,0,1,1,1,0,1,1
771,222118,0,0,1,0,0,0,1,1,0,1,0,1,1,1,1
772,220252,0,0,1,1,1,1,0,1,1,1,1,1,0,1,1
773,221169,0,0,0,1,0,0,1,1,0,1,1,1,0,1,1
774,223236,0,0,1,0,1,0,1,1,1,1,1,1,1,1,1
775,223722,1,0,1,1,1,0,1,1,1,1,1,1,1,1,1
776,220355,1,1,1,1,0,1,1,1,1,1,1,1,1,1,1
777,220353,0,0,0,0,0,0,0,0,0,0,0,0,0,0,0
778,222601,0,0,0,0,0,1,1,1,0,1,1,1,1,1,1
779,223120,1,1,1,1,0,0,0,0,0,1,1,1,1,0,0
780,223068,0,0,0,0,0,0,0,0,0,0,0,0,0,0,0
781,300000,0,0,0,0,0,0,0,0,0,0,1,0,0,0,0
782,220870,0,0,0,0,0,0,0,1,0,1,0,0,0,0,1
783,220397,1,0,1,0,0,0,0,0,1,1,0,0,1,1,1
784,221513,0,0,0,0,0,0,0,0,0,0,0,0,0,0,0
785,223427,0,1,0,1,0,0,1,1,0,1,0,1,0,1,1
786,220512,0,1,0,0,1,0,0,1,0,1,0,0,0,1,1
787,222323,0,1,1,1,1,1,0,1,1,1,1,1,1,1,1
788,222204,0,0,0,0,1,1,1,1,0,0,0,1,1,1,1
789,223772,0,1,0,0,0,0,0,0,0,0,0,0,0,0,0
790,222222,1,0,0,0,0,0,0,0,0,0,0,0,0,0,0
791,221202,0,0,0,0,0,0,0,0,0,0,0,0,0,0,0
792,222777,0,0,1,0,0,0,0,1,1,1,1,1,0,1,1
793,220338,0,0,0,0,0,1,1,0,0,1,1,1,0,1,1
794,222876,1,0,1,0,1,0,1,1,1,1,1,1,0,1,1
795,222644,1,1,1,0,0,1,1,1,1,1,1,1,1,1,1
796,223186,0,1,0,0,1,0,1,1,1,0,0,1,1,1,0
797,222540,1,0,1,1,1,1,1,1,1,1,1,1,1,1,1
798,220070,0,0,0,0,1,0,1,0,0,1,0,0,0,1,0
799,300000,0,0,1,0,0,0,1,1,0,0,0,1,1,1,1
800,220490,0,1,1,0,1,1,0,1,1,1,1,1,1,1,1
801,221762,1,0,1,1,1,1,1,1,1,1,1,1,1,1,1
802,221646,0,0,0,0,0,0,0,0,0,0,0,0,0,0,0
803,221954,1,0,1,0,1,0,0,0,1,1,1,0,1,1,1
804,221320,0,0,0,0,0,1,0,0,0,0,0,0,0,0,0
805,223737,0,1,1,0,1,1,0,1,0,1,1,1,1,1,1
806,223117,1,1,0,1,1,1,1,0,1,1,1,1,1,1,1
807,224031,0,0,0,0,0,0,0,0,0,0,0,0,0,0,0
808,222394,0,1,1,1,1,0,0,1,1,1,1,1,0,1,1
809,223618,1,0,1,1,1,1,1,1,1,0,0,1,1,1,1
810,222406,1,1,1,1,0,1,0,1,0,1,1,1,1,1,1
811,220540,0,0,0,0,0,0,0,0,0,0,0,0,0,0,0
812,222471,0,1,1,0,1,0,1,0,0,1,0,1,0,1,0
813,223227,0,0,0,0,0,0,0,0,0,1,0,1,1,1,1
814,222944,0,0,0,0,1,1,0,1,1,1,1,0,0,1,1
815,223258,1,1,1,1,0,0,0,1,1,1,1,1,1,1,1
816,223471,1,0,1,1,1,1,0,1,1,1,1,1,1,1,1
817,220698,0,1,1,1,1,0,0,1,1,1,1,1,0,1,1
818,223174,0,0,0,0,1,0,0,0,1,0,1,1,1,1,1
819,220113,1,1,0,1,1,1,0,1,1,1,1,1,0,1,1
820,220856,1,1,1,0,1,1,1,1,1,1,1,1,0,1,1
821,220090,0,1,0,1,0,1,0,1,0,0,1,0,0,1,1
822,223771,0,0,1,0,0,1,1,1,1,1,1,1,0,1,1
823,220537,1,1,1,1,1,0,0,1,1,1,0,1,1,1,1
824,220173,0,0,0,0,0,0,0,0,0,0,0,0,0,0,0
825,220931,0,0,0,0,0,0,0,0,0,0,0,0,0,0,0
826,220029,1,0,1,0,1,1,0,1,1,1,0,1,0,1,1
827,220533,0,0,0,0,0,0,0,0,0,0,1,1,0,0,1
828,223042,0,0,0,0,0,0,0,0,1,0,0,1,1,1,1
829,220719,0,0,0,0,0,0,0,0,0,0,0,0,0,0,1
830,220779,0,0,1,0,1,1,0,1,1,1,0,1,1,1,1
831,223075,1,0,0,1,1,0,0,1,1,1,1,1,1,1,1
832,221315,0,0,0,0,0,0,0,0,1,0,1,0,0,1,0
833,221153,1,0,1,1,1,1,1,1,0,1,1,1,0,1,1
834,220938,0,0,0,1,0,0,0,0,0,0,0,0,0,1,1
835,222311,1,0,0,0,0,0,0,0,0,1,0,0,1,1,0
836,223006,1,0,0,0,1,1,1,1,0,1,0,1,0,1,1
837,223698,0,0,0,0,1,1,0,1,1,1,0,1,1,1,1
838,220461,1,1,0,1,1,1,1,1,1,1,0,1,1,1,1
839,220089,1,1,0,1,1,1,1,1,1,0,1,1,1,1,1
840,222420,1,0,1,1,1,0,0,1,1,1,1,1,1,1,1
841,222446,0,0,1,0,0,1,1,1,1,0,1,1,0,1,1
842,221649,0,0,0,0,0,0,0,0,0,0,0,0,0,0,0
843,220092,1,0,1,0,0,0,0,0,0,1,0,1,0,0,1
844,223955,1,1,1,1,1,1,1,1,1,1,1,1,1,1,1
845,223393,0,1,1,1,1,1,1,1,0,1,0,1,1,1,1
846,220050,1,1,0,1,1,0,1,1,1,1,1,1,1,1,1
847,222437,0,0,0,1,0,0,1,1,1,1,1,1,1,1,1
848,221004,1,1,1,1,0,1,0,1,1,1,1,1,1,1,1
849,223024,1,1,0,0,1,0,1,1,1,1,1,1,0,1,1
850,220697,0,1,1,1,0,0,1,1,1,1,1,1,0,1,1
851,223074,0,0,0,0,0,0,1,0,1,0,0,1,0,1,0
852,222831,1,0,0,0,0,1,0,1,0,0,0,0,0,1,1
853,220057,1,1,1,1,1,0,1,1,0,1,1,1,1,1,1
854,220243,1,1,1,1,1,1,1,1,1,1,1,1,1,1,1
855,222659,0,1,1,1,1,1,0,1,1,1,1,1,1,1,1
856,223799,1,0,0,0,1,1,1,0,1,1,1,1,0,1,1
857,220356,0,0,0,0,1,0,0,1,0,1,0,1,0,1,1
858,221732,0,1,1,1,1,1,1,1,1,1,1,1,1,1,1
859,222294,0,1,0,0,0,0,1,0,1,0,1,1,0,1,1
860,220246,1,1,0,0,1,0,0,1,1,0,0,1,0,0,1
861,220961,0,1,0,0,1,1,1,1,0,1,1,1,1,1,1
862,223381,1,0,0,1,1,0,1,1,1,1,1,1,1,1,1
863,220180,0,0,0,0,0,0,1,1,1,1,1,1,1,1,1
864,220098,0,1,1,1,1,1,1,1,1,1,1,1,1,1,1
865,220972,0,0,0,0,0,0,0,0,0,0,0,1,0,0,0
866,221504,0,0,0,0,0,0,1,0,0,1,1,1,1,0,0
867,221188,1,0,0,0,1,0,1,1,1,1,1,1,1,1,1
868,221911,0,0,1,0,1,1,0,1,0,1,1,1,0,1,1
869,221297,1,0,0,0,0,0,0,0,0,0,1,0,0,0,0
870,223566,0,1,1,1,1,1,0,1,0,1,1,1,1,1,1
871,221866,0,0,0,0,0,0,0,0,0,0,0,0,0,1,0
872,221129,0,0,0,0,0,0,0,0,0,0,1,0,0,0,0
873,221803,1,0,0,1,1,1,1,1,1,1,1,1,1,1,1
874,223810,0,1,1,0,1,1,1,1,1,1,0,1,1,1,1
875,223105,1,0,0,1,1,1,1,1,0,1,1,1,0,1,1
876,220502,1,1,0,0,1,1,0,1,1,1,1,1,1,1,1
877,220887,1,1,1,1,1,0,1,1,1,1,1,1,1,1,1
878,223193,0,1,1,0,1,0,1,1,1,1,1,1,1,1,1
879,223272,0,0,1,0,1,0,0,0,0,0,1,0,1,0,1
880,222803,0,0,0,1,0,1,1,1,1,1,1,1,1,1,1
881,222551,0,1,0,0,0,0,1,1,0,0,1,1,0,1,1
882,221186,1,1,1,0,0,1,0,1,1,0,1,0,0,1,1
883,221400,0,1,1,0,1,0,0,1,1,1,1,1,1,1,1
884,223674,0,0,0,0,0,0,0,0,0,0,0,0,0,0,0
885,221549,1,1,0,1,0,1,1,1,0,0,0,0,0,1,1
886,222496,0,1,0,0,1,1,1,1,1,1,1,1,1,1,1
887,223424,1,1,1,0,1,0,1,1,1,1,1,1,0,1,1
888,220486,1,1,0,1,0,1,0,1,0,1,1,1,1,1,1
889,220154,0,1,0,0,0,0,0,0,0,0,0,0,0,0,0
890,223642,0,0,0,0,0,0,0,0,0,0,0,0,0,0,0
891,220542,1,0,0,1,0,1,0,1,1,1,1,1,1,1,1
892,220491,1,1,0,1,1,0,1,1,1,1,1,1,0,1,1
893,223064,1,1,0,0,0,0,0,1,1,1,1,1,1,1,1
894,221462,1,0,0,1,1,1,1,1,1,1,1,1,1,1,1
895,221860,0,0,0,0,0,0,1,0,0,0,0,1,0,0,0
896,221402,0,1,0,0,0,0,0,0,0,0,0,0,0,0,0
897,223078,0,0,1,0,1,1,1,0,1,1,1,0,1,1,1
898,222756,0,1,1,1,1,0,0,1,0,0,1,1,1,1,1
899,221801,0,0,1,0,1,0,1,1,0,1,1,0,1,1,1
900,220745,0,0,0,0,0,0,0,0,0,0,0,0,0,0,0
901,223868,0,0,0,0,0,0,0,1,0,0,0,0,1,1,0
902,223287,0,0,0,0,0,0,0,1,0,1,1,1,0,0,1
903,223964,1,1,1,1,0,1,0,1,1,1,1,0,0,1,1
904,300000,1,0,1,0,1,0,0,0,0,0,0,1,1,1,1
905,222538,0,0,0,0,0,0,0,0,0,0,0,1,1,1,1
906,222220,0,1,0,0,0,0,1,0,0,1,0,1,0,0,0
907,221758,1,1,1,1,1,0,1,1,1,1,1,1,1,1,1
908,222898,1,0,0,1,0,1,0,1,1,1,1,1,0,1,1
909,222966,0,0,0,0,0,0,0,0,0,0,0,0,0,0,1
910,222918,1,1,1,0,1,1,1,1,1,1,1,1,0,1,1
911,220166,0,0,0,0,0,0,0,0,0,0,0,0,0,0,0
912,224046,0,0,1,0,0,0,1,1,0,1,1,1,1,1,1
913,222873,0,0,0,1,0,0,1,0,1,1,0,0,1,0,1
914,221119,0,0,0,1,1,1,0,1,1,1,1,1,1,1,1
915,221393,0,1,0,0,0,0,1,1,0,1,1,1,1,1,1
916,300000,1,0,1,0,0,0,1,0,0,0,1,0,0,0,0
917,222664,0,0,0,0,1,0,1,1,1,1,0,1,0,1,1
918,222829,0,0,0,0,0,0,0,0,0,0,0,0,0,0,0
919,222156,0,1,1,0,1,0,1,1,1,1,1,1,1,1,1
920,223677,0,0,1,0,0,0,0,0,0,0,0,1,0,0,0
921,223097,0,0,0,1,0,0,0,1,0,0,0,0,0,1,0
922,220359,0,0,0,0,0,0,0,1,0,0,0,0,0,0,0
923,220689,0,0,0,0,1,1,1,0,0,0,0,1,1,1,1
924,221180,1,1,0,0,1,1,0,1,1,1,0,1,1,1,1
925,300000,0,0,1,0,0,0,1,1,1,1,1,1,0,1,1
926,220544,0,0,0,0,0,1,0,0,0,0,0,0,0,0,1
927,222530,1,1,0,0,1,1,0,1,1,1,1,1,0,0,1
928,222368,0,1,0,0,1,0,1,1,1,1,1,1,1,1,1
929,223515,0,0,0,0,0,0,0,0,0,0,0,0,0,0,0
930,220922,0,0,0,0,0,0,0,0,0,0,0,0,0,0,0
931,222029,0,0,0,0,0,0,0,0,0,0,0,0,0,0,0
932,222261,0,0,0,0,0,1,0,0,0,0,0,0,0,0,0
933,300000,0,0,0,0,0,1,1,0,0,0,0,1,0,1,1
934,220373,0,0,0,1,1,1,1,1,0,1,1,1,0,1,1
935,220294,0,0,0,0,1,0,0,0,0,0,0,0,1,0,1
936,220587,1,1,0,1,0,1,1,1,0,1,1,1,1,1,1
937,300000,0,0,0,0,0,0,1,1,0,0,0,1,1,1,1
938,300000,0,0,0,0,1,1,1,1,0,1,1,1,0,1,1
939,300000,1,0,0,0,0,0,1,0,1,0,1,0,0,1,1
940,223069,1,1,1,1,1,1,0,1,1,1,1,1,0,1,1
941,221193,0,0,0,0,0,0,0,0,0,0,0,0,0,0,0
942,223586,0,1,1,1,1,1,0,1,1,1,1,1,1,1,1
943,221155,1,0,0,0,1,0,1,1,1,1,0,1,0,1,1
944,223678,0,0,0,0,0,0,0,0,0,1,0,1,0,0,1
945,300000,0,0,0,0,0,0,0,1,0,0,0,0,0,1,1
946,221614,1,1,1,1,1,1,1,1,1,1,1,1,1,1,1
947,220440,1,1,0,1,1,0,0,1,0,1,1,1,0,1,1
948,223739,0,0,0,0,1,1,0,1,1,1,0,1,1,1,1
949,300000,1,1,1,1,0,0,1,0,1,0,0,1,1,1,1
950,224000,1,1,1,1,1,1,0,1,1,1,1,1,1,1,1
951,222804,0,1,1,0,0,0,1,1,1,1,1,1,1,1,1
952,223101,0,1,0,0,0,0,1,1,0,0,0,1,1,1,1
953,223157,1,0,1,0,1,1,0,1,1,1,1,1,0,1,1
954,221867,0,0,1,0,0,1,1,1,0,1,1,1,0,1,1
955,221204,0,1,1,0,1,1,1,1,1,1,1,1,1,1,1
956,221203,1,1,1,1,0,0,0,1,0,1,1,0,1,1,1
957,221586,0,0,1,0,0,1,1,1,1,1,0,1,1,1,1
958,220358,1,1,0,1,0,1,1,1,0,1,0,0,1,1,1
959,223687,0,1,0,0,0,0,0,1,0,0,0,0,0,0,0
960,223014,0,0,0,0,1,1,0,0,1,0,0,1,0,0,1
961,222518,0,1,1,1,0,0,0,1,1,1,1,1,1,1,1
962,222748,1,1,1,0,1,0,1,1,1,1,0,1,0,1,1
963,223411,1,1,0,0,1,1,1,1,1,1,1,1,1,1,1
964,222152,1,0,0,0,0,0,0,0,0,0,0,1,1,1,1
965,222807,0,1,1,0,0,0,0,0,0,0,0,0,0,0,0
966,220274,0,0,0,1,1,1,1,1,1,1,0,1,1,1,1
967,221858,1,0,1,1,1,1,1,1,1,1,0,1,0,1,1
968,220957,0,0,0,0,0,0,0,0,0,0,1,0,0,0,1
969,221068,0,0,0,1,1,1,1,1,1,1,1,1,0,1,1
970,222764,0,1,1,1,0,1,0,1,1,1,1,0,1,1,1
971,221775,0,0,0,0,0,0,0,0,0,0,0,0,0,0,1
972,223475,1,1,0,1,0,0,0,1,0,1,1,0,0,1,1
973,221056,0,0,0,0,0,0,1,0,0,1,0,0,0,0,0
974,221981,0,0,0,0,0,0,0,0,0,0,0,0,0,0,0
975,222841,1,0,0,1,0,0,0,0,1,0,0,0,1,0,1
976,220796,0,0,0,0,0,0,0,0,0,0,0,0,0,0,0
977,222239,0,1,0,0,0,1,1,1,0,1,1,1,0,1,1
978,221779,0,0,0,0,0,0,0,0,0,0,0,0,0,0,0
979,222839,1,1,1,1,0,1,0,1,1,1,1,1,1,1,1
980,223523,1,0,1,1,1,0,1,1,1,1,1,1,1,1,1
981,220950,1,1,1,1,1,1,0,1,1,1,1,1,1,1,1
982,222053,0,0,0,1,1,0,1,1,1,1,1,1,1,1,1
983,220005,0,0,0,0,0,0,0,0,0,0,0,0,0,0,0
984,300000,0,0,0,0,1,1,0,0,0,1,0,1,1,1,0
985,220999,1,1,0,1,1,1,1,1,0,0,0,1,0,1,1
986,223819,0,0,0,0,0,0,1,1,0,0,0,0,0,1,1
987,220386,0,0,0,0,0,1,0,1,0,1,1,0,1,1,1
988,222818,0,0,0,0,0,0,0,0,1,0,1,0,0,1,1
989,221795,0,1,0,1,0,0,1,1,0,1,1,0,1,1,1
990,222707,0,0,0,0,0,0,0,0,0,0,0,0,0,0,0
991,221417,0,0,1,1,0,1,0,1,0,0,0,0,0,1,1
992,221517,1,1,1,0,1,0,1,1,1,0,0,1,1,1,1
993,222919,0,0,0,1,1,1,1,1,1,1,1,0,1,1,1
994,221808,1,0,0,0,0,0,0,0,0,0,0,0,0,0,0
995,222547,1,1,1,0,1,0,0,1,1,0,0,1,1,1,1
996,220289,1,0,0,1,1,1,1,1,1,1,1,1,1,1,1
997,300000,0,0,0,0,0,0,0,0,0,1,0,1,1,1,1
998,222479,0,0,0,1,0,0,0,1,1,1,1,0,0,1,1
999,220068,1,1,1,1,1,0,1,1,1,1,1,1,1,1,1
1000,222454,1,1,0,1,1,1,1,1,1,1,1,1,0,1,1
1001,221928,0,1,1,1,1,0,1,1,1,1,1,1,0,1,1
1002,220060,0,0,0,1,0,1,1,1,0,0,1,1,0,0,1
1003,220010,0,0,0,0,0,0,0,0,0,1,0,0,1,0,1
1004,222891,1,0,0,0,0,1,0,0,0,0,1,0,0,0,0
1005,222013,0,1,1,1,0,1,1,1,1,1,0,1,1,1,1
1006,223823,0,0,1,0,1,1,0,1,1,1,1,1,1,1,1
1007,220256,0,0,0,0,1,0,1,1,0,0,0,1,1,1,1
1008,221413,0,0,0,1,0,1,0,1,1,1,0,1,1,1,1
1009,221220,0,0,1,0,0,1,1,1,0,1,1,1,0,1,1
1010,221583,0,0,0,0,0,1,0,0,0,0,0,0,0,0,0
1011,220840,0,0,1,0,0,1,1,1,0,1,1,1,0,1,1
1012,222885,1,1,0,0,0,0,1,0,0,1,1,0,0,0,0
1013,220296,0,0,0,1,0,1,0,1,1,1,0,1,0,1,1
1014,300000,0,0,0,0,0,0,0,0,0,0,0,1,1,1,1
1015,221796,1,0,0,0,1,1,1,1,0,1,1,1,1,1,1
1016,223070,1,1,0,0,0,0,1,1,1,1,1,1,1,1,1
1017,222225,0,0,0,0,0,1,1,0,0,0,0,0,0,0,0
1018,222327,1,1,0,1,1,1,0,1,1,0,1,1,0,1,1
1019,223833,1,0,1,0,1,0,0,0,0,1,0,0,1,1,1
1020,222977,0,0,0,0,0,1,0,0,1,0,0,0,0,0,0
1021,220722,1,1,0,1,0,0,1,1,1,1,0,1,1,1,1
1022,223401,1,1,1,1,1,1,0,1,1,1,1,1,1,1,1
1023,220242,1,0,1,1,1,0,1,1,1,1,1,1,0,1,1
1024,220574,1,0,1,1,1,0,0,1,1,1,1,1,1,1,1
1025,221107,0,1,0,0,0,0,0,0,0,0,0,1,1,1,0
1026,221809,0,0,1,0,1,0,1,0,0,1,1,1,1,1,1
1027,220714,0,0,0,0,0,0,0,0,0,0,0,0,0,0,0
1028,222978,1,1,0,0,0,0,0,0,0,0,1,0,0,0,1
1029,220712,0,1,1,1,1,1,1,1,1,1,1,1,1,1,1
1030,222288,0,1,0,0,1,0,0,0,0,0,0,0,0,0,0
1031,220785,0,1,1,1,1,1,1,1,1,1,1,1,1,1,1
1032,222134,0,1,0,0,0,0,1,1,1,1,0,1,1,1,1
1033,220020,1,0,1,0,1,1,1,1,1,1,1,1,1,1,1
1034,300000,1,0,0,0,0,0,0,0,0,0,0,0,0,0,0
1035,220367,0,1,1,1,1,0,1,1,1,1,0,1,1,1,1
1036,220134,1,1,0,1,0,1,1,1,1,0,0,1,1,1,1
1037,222902,0,0,0,0,0,0,1,0,0,0,0,0,0,0,0
1038,222585,0,0,0,0,0,0,1,1,0,0,0,1,1,1,1
1039,222948,1,1,1,1,1,1,0,1,1,1,1,1,1,1,1
1040,222542,1,1,1,0,0,0,0,1,1,1,1,1,0,1,1
1041,223848,0,0,0,0,0,0,0,1,0,0,0,0,0,0,0
1042,223943,0,0,0,1,1,0,1,1,1,1,1,1,1,1,1
1043,223706,0,0,1,1,0,0,0,1,1,0,0,0,0,0,0
1044,222326,1,0,0,1,1,0,1,1,1,1,0,0,1,1,1
1045,221726,0,0,1,1,1,1,1,1,1,0,1,1,1,1,1
1046,222036,0,0,0,0,0,0,0,0,0,0,0,0,0,0,0
1047,222464,0,1,1,1,1,1,1,1,1,1,1,0,0,1,1
1048,220575,0,1,0,1,1,1,1,1,1,1,0,1,1,1,1
1049,223076,0,1,1,0,0,1,0,1,1,1,1,1,1,1,1
1050,220129,1,1,0,1,1,1,0,1,0,1,0,1,1,1,1
1051,223770,0,0,1,1,1,1,0,1,1,1,1,1,1,1,1
1052,222282,0,0,0,0,0,0,0,0,0,0,0,0,0,0,0
1053,222963,0,0,0,0,0,0,0,0,0,0,0,0,0,0,0
1054,220097,1,1,1,1,0,0,0,1,1,1,1,1,1,1,1
1055,224019,0,1,1,1,1,1,1,1,1,1,1,1,1,1,1
1056,221018,0,0,0,0,0,0,0,0,0,0,0,0,0,0,0
1057,300000,0,0,0,0,1,0,0,0,0,0,0,0,0,1,1
1058,222169,0,0,0,0,0,0,0,0,0,0,0,0,0,0,0
1059,221131,1,1,1,0,0,1,0,1,1,1,0,1,0,1,1
1060,222466,0,0,0,0,0,0,0,0,0,0,0,0,0,0,0
1061,222062,1,0,1,1,1,1,1,1,1,1,1,1,1,1,1
1062,223676,1,0,0,0,0,0,0,0,0,0,0,0,0,0,0
1063,221831,1,1,1,0,0,0,0,0,0,0,0,0,0,0,0
1064,223615,0,0,0,0,0,0,0,0,0,0,0,0,0,0,0
1065,223933,0,0,0,0,0,0,1,0,0,1,1,1,0,1,1
1066,223571,0,0,0,1,0,0,0,0,0,0,0,0,0,0,0
1067,220876,0,0,1,1,1,0,1,1,1,1,1,1,0,1,1
1068,221545,0,0,0,0,0,0,0,0,0,0,0,1,1,0,1
1069,223461,1,1,1,1,1,1,1,1,0,0,0,0,0,1,0
1070,220932,0,0,0,0,0,0,0,0,0,0,0,0,0,0,0
1071,221074,0,0,0,0,0,0,0,0,0,0,0,0,0,0,0
1072,223750,1,0,0,0,0,0,1,1,1,1,1,0,1,1,1
1073,222960,0,0,0,0,1,0,0,0,1,0,0,0,0,0,0
1074,221311,1,1,1,0,1,1,1,1,1,1,0,1,1,1,1
1075,221694,0,1,1,0,1,1,1,1,1,1,1,1,1,1,1
1076,223891,0,0,0,0,1,0,0,0,1,0,0,0,0,0,1
1077,220898,1,0,1,1,1,1,0,1,1,1,1,1,1,1,1
1078,221291,0,0,0,0,0,0,0,0,0,0,1,1,1,1,0
1079,222025,0,0,0,0,0,0,0,1,0,1,0,1,0,1,1
1080,222194,1,0,1,1,0,0,1,1,1,0,1,1,1,1,1
1081,220589,1,1,0,1,1,1,0,1,1,1,0,1,0,1,1
1082,220788,0,0,0,0,0,0,0,1,0,0,0,0,1,0,0
1083,222662,0,0,1,0,0,1,0,1,0,1,0,1,1,1,1
1084,220220,0,1,1,1,1,0,0,1,1,1,1,1,1,1,1
1085,223238,0,0,0,0,0,0,0,0,0,0,0,0,0,0,0
1086,221655,1,1,1,1,1,1,1,1,1,1,1,1,1,1,1
1087,221353,0,1,0,0,0,1,0,0,1,1,1,1,0,1,0
1088,220039,1,1,1,0,1,1,0,1,1,1,1,1,0,1,1
1089,222498,0,0,0,1,0,0,0,1,1,1,0,1,0,1,1
1090,221571,0,0,1,1,1,0,0,1,1,0,1,1,0,1,1
1091,223531,1,0,0,0,1,1,1,1,1,1,1,1,1,1,1
1092,221261,1,1,1,1,1,1,0,1,1,1,1,1,0,1,1
1093,220676,0,1,1,0,0,0,1,1,0,1,0,1,0,1,1
1094,223719,0,1,0,0,1,0,0,1,1,1,1,1,1,1,1
1095,300000,0,0,0,0,0,0,0,1,0,1,0,1,0,1,0
1096,222550,0,1,1,0,0,0,0,0,1,0,0,0,0,1,1
1097,221145,0,0,0,0,0,0,0,0,0,0,0,0,0,0,0
1098,221319,1,0,0,1,1,0,1,1,1,0,1,1,1,1,1
1099,221347,0,0,0,0,0,0,0,0,0,0,0,0,0,0,1
1100,222755,0,1,1,1,0,1,1,1,1,1,1,1,1,1,1
1101,222810,1,1,1,1,1,0,1,1,1,1,1,1,1,1,1
1102,220868,1,1,0,1,1,0,0,1,1,0,0,0,0,0,1
1103,221267,0,0,0,0,0,0,1,1,1,1,0,1,1,1,1
1104,220610,0,1,0,0,0,0,0,0,0,0,0,0,0,0,0
1105,220773,1,1,1,1,1,1,1,1,1,1,1,1,1,1,1
1106,221615,0,0,0,0,0,0,0,0,0,0,0,0,0,0,0
1107,222696,0,0,0,0,0,0,0,0,0,0,0,0,0,0,0
1108,223136,0,0,0,1,0,1,0,1,1,0,0,0,0,1,1
1109,222304,1,0,1,0,1,1,1,1,1,1,1,1,1,1,1
1110,221271,0,0,0,0,0,0,0,0,0,0,1,0,0,0,0
1111,220305,0,0,0,0,0,1,0,0,1,0,0,1,1,0,0
1112,223459,0,0,0,0,0,0,0,0,0,0,0,0,0,0,0
1113,220003,0,1,1,0,1,0,1,1,1,1,1,0,0,1,1
1114,221960,0,0,1,0,0,1,1,1,1,1,1,1,1,1,1
1115,223036,0,0,0,0,0,0,0,0,0,0,0,0,0,0,0
1116,220091,0,0,1,0,0,0,1,1,1,1,1,1,1,1,1
1117,220049,1,1,0,0,1,1,1,1,1,1,1,1,0,1,1
1118,222802,0,1,0,0,0,0,0,0,0,0,0,0,0,0,0
1119,220203,0,1,0,1,1,1,1,1,0,1,0,1,1,1,1
1120,220315,0,1,1,1,0,1,1,1,1,1,1,1,1,1,1
1121,222122,0,0,0,0,1,1,0,1,0,1,1,1,0,1,1
1122,223828,1,0,1,1,0,0,1,1,0,1,1,1,0,1,1
1123,221876,1,1,0,1,1,1,0,1,1,1,1,1,1,1,1
1124,222595,1,1,0,1,0,0,0,1,0,1,0,1,0,0,1
1125,223420,0,0,1,0,0,1,1,1,1,1,1,1,1,1,1
1126,220299,0,0,0,0,0,0,1,0,0,0,0,1,1,1,1
1127,220239,0,0,0,0,0,0,0,0,0,0,0,0,0,0,0
1128,221490,0,0,0,0,0,0,0,0,0,0,0,0,0,0,0
1129,223156,0,1,1,1,1,1,1,1,1,1,1,1,1,1,1
1130,222392,0,0,1,1,1,0,0,1,1,1,1,1,0,1,1
1131,300000,1,1,1,1,0,1,0,1,0,1,0,0,1,1,1
1132,221451,0,0,0,0,1,0,1,0,1,0,1,1,1,1,1
1133,223574,1,0,1,0,0,1,1,1,1,1,1,0,0,1,1
1134,220839,0,0,0,0,0,0,1,0,0,0,0,0,0,0,0
1135,220084,0,1,1,1,1,0,1,1,1,1,1,1,1,1,1
1136,223440,0,0,0,0,0,0,0,1,0,0,0,1,0,1,0
1137,221214,0,0,0,1,0,0,1,0,1,1,0,1,1,1,1
1138,220933,1,0,0,0,1,1,1,1,1,1,1,1,1,1,1
1139,221764,0,1,1,0,1,0,0,1,1,1,1,1,1,1,1
1140,221396,0,1,1,0,0,1,0,0,0,1,0,1,0,0,0
1141,222912,0,1,1,1,0,1,1,1,1,1,1,1,1,1,1
1142,220730,0,0,0,0,1,0,0,0,0,0,1,0,0,1,1
1143,223794,1,0,0,0,0,0,0,0,0,0,0,0,0,0,0
1144,222660,0,0,0,1,1,1,1,1,1,1,0,0,0,1,0
1145,222125,1,1,1,1,0,1,1,1,1,1,1,1,1,1,1
1146,222280,1,1,1,0,1,0,1,1,1,1,1,1,1,1,1
1147,222558,1,0,1,0,1,0,0,0,0,1,1,1,0,1,0
1148,221101,0,0,0,0,0,0,0,0,0,0,0,0,0,0,0
1149,220908,0,0,0,0,0,0,0,0,0,0,0,0,0,0,0
1150,300000,0,0,0,0,0,0,1,0,0,0,1,0,0,0,1
1151,221308,0,0,0,1,1,1,0,1,0,1,1,1,0,0,1
1152,221814,0,0,0,0,0,0,0,0,0,0,0,0,0,0,0
1153,223756,0,0,0,0,0,0,0,0,0,0,0,0,0,0,0
1154,222737,0,0,0,0,0,0,0,1,0,0,0,1,1,1,1
1155,223587,0,0,0,0,0,0,0,0,0,0,0,0,0,0,0
1156,220442,1,1,0,0,1,0,1,1,1,1,0,1,1,1,1
1157,220038,0,1,1,1,0,0,1,1,1,1,1,1,1,1,1
1158,223757,1,0,0,0,0,0,0,0,1,0,1,1,0,1,1
1159,221352,0,1,1,0,0,1,1,1,1,1,0,1,1,1,1
1160,222056,0,0,0,0,0,0,0,0,0,0,0,0,0,0,0
1161,222135,0,0,0,0,0,0,0,0,0,0,0,0,0,0,0
1162,223470,0,0,0,0,0,1,1,1,0,0,0,0,0,0,0
1163,220613,0,0,0,0,0,0,0,0,0,0,0,0,0,0,0
1164,223874,0,0,0,0,0,0,0,0,0,0,0,0,0,0,0
1165,222711,0,0,1,1,1,1,0,1,0,1,0,1,1,1,1
1166,223535,1,1,0,1,0,0,1,1,0,1,1,1,0,1,1
1167,222223,0,0,0,0,0,0,0,0,0,0,0,0,0,0,0
1168,222338,0,0,1,0,0,0,1,1,1,1,1,1,1,1,1
1169,223636,0,0,0,0,0,0,0,1,0,0,0,1,1,1,1
1170,220944,1,0,1,1,1,1,0,1,1,1,1,1,0,1,1
1171,222359,0,1,1,0,0,0,0,1,1,1,1,1,1,1,1
1172,223225,0,0,0,1,0,1,0,1,0,1,0,0,0,1,1
1173,222049,0,0,0,0,0,0,0,0,0,0,0,0,1,1,0
1174,222663,0,1,0,1,1,1,0,1,1,1,1,1,1,1,1
1175,222905,0,0,1,0,0,0,0,0,1,0,1,0,0,0,0
1176,223725,0,0,0,1,0,0,0,1,1,0,0,0,0,0,1
1177,223111,0,0,0,1,1,0,0,1,1,1,1,1,0,1,1
1178,220484,1,0,0,0,1,0,1,1,1,1,1,1,1,1,1
1179,222786,0,0,0,0,0,0,0,0,0,0,0,0,0,1,1
1180,222320,1,1,0,0,1,0,0,1,1,1,1,1,1,1,1
1181,221195,1,1,0,0,1,1,0,1,1,1,1,1,0,1,1
1182,220316,1,0,1,1,1,0,0,1,0,1,0,1,0,1,1
1183,223863,0,1,1,1,0,0,1,1,1,1,1,0,0,1,1
1184,223511,1,1,0,1,1,0,0,1,1,0,1,1,0,1,1
1185,223497,1,1,1,0,1,1,0,1,1,1,0,0,0,0,1
1186,224047,0,0,0,0,0,0,0,0,0,0,0,0,0,0,0
1187,222763,0,0,0,0,0,0,0,0,0,1,0,0,1,1,1
1188,223143,0,0,0,0,0,0,0,0,0,0,0,0,0,0,0
1189,222730,0,0,0,0,1,0,0,1,0,1,0,1,1,1,1
1190,223282,1,0,1,0,1,0,0,1,0,1,1,1,0,1,1
1191,222109,0,0,0,0,0,1,1,1,1,0,1,0,0,1,1
1192,223123,1,1,1,1,1,1,1,1,1,1,1,1,1,1,1
1193,221434,0,0,0,0,0,0,0,1,0,0,0,0,0,0,0
1194,300000,1,1,1,0,0,0,0,0,0,0,0,1,1,1,1
1195,222033,0,0,0,0,0,0,0,0,0,0,0,0,0,0,0
1196,220541,0,0,0,0,1,0,1,1,1,0,0,1,1,1,1
1197,222968,0,0,0,0,0,0,0,1,0,0,0,0,0,1,1
1198,221824,1,1,1,0,1,1,1,1,1,1,1,1,1,1,1
1199,222750,0,1,0,1,0,0,0,0,0,0,0,0,0,0,0
1200,220228,1,0,0,1,1,0,1,1,1,1,1,1,1,1,1
1201,222800,0,0,0,0,1,0,0,0,0,0,0,0,1,0,1
1202,221536,0,0,0,0,0,0,0,0,0,1,1,0,0,0,0
1203,222606,1,1,1,1,1,0,0,1,1,1,1,1,1,1,1
1204,221972,1,1,1,0,1,1,0,1,1,1,0,1,1,1,1
1205,223249,0,0,0,0,0,0,0,1,0,0,0,1,0,1,1
1206,221759,0,1,0,1,1,1,1,1,1,1,1,1,1,1,1
1207,221303,0,1,1,1,1,1,1,1,1,1,1,1,1,1,1
1208,220866,0,1,1,0,1,0,1,1,0,1,1,1,0,1,1
1209,220895,1,1,0,1,1,1,0,1,1,1,1,1,1,1,1
1210,220889,0,0,0,1,0,1,0,1,1,1,0,1,0,1,1
1211,222009,0,0,0,0,0,0,0,1,0,0,0,1,1,1,1
1212,220615,0,0,0,0,1,0,0,0,0,0,0,0,0,0,1
1213,221429,0,0,0,0,1,0,0,1,1,0,0,0,0,1,0
1214,222749,1,0,0,0,0,0,0,0,0,0,1,1,1,1,1
1215,223253,1,1,1,1,1,1,1,1,1,1,1,1,1,1,1
1216,222506,0,0,1,0,1,0,1,1,0,1,1,1,1,1,1
1217,220582,0,0,0,0,0,0,1,0,1,0,0,0,1,1,0
1218,220006,0,0,1,1,1,0,1,1,1,1,1,0,0,1,1
1219,221425,0,0,1,0,1,1,1,1,1,1,0,1,1,1,1
1220,220494,1,1,0,1,1,0,0,1,0,1,0,0,0,1,1
1221,220210,1,1,1,0,0,0,1,1,1,1,0,1,1,1,1
1222,222913,0,0,0,1,0,1,0,1,1,1,0,1,1,1,1
1223,221818,0,1,1,1,1,1,0,1,1,1,1,1,0,1,1
1224,222883,0,0,0,0,0,0,0,0,0,0,0,0,0,0,0
1225,221263,0,1,1,1,1,1,1,1,0,1,1,1,1,1,1
1226,220105,1,1,0,0,1,1,1,1,1,1,0,1,1,1,1
1227,220563,1,1,1,1,1,0,1,1,0,1,1,1,1,1,1
1228,220317,1,0,0,1,1,0,1,1,1,1,1,1,1,1,1
1229,220331,1,1,1,0,1,1,1,1,1,1,0,0,1,1,1
1230,223686,1,1,1,0,1,1,1,1,1,1,1,1,1,1,1
1231,222066,0,0,0,0,1,0,1,1,1,1,1,1,0,1,1
1232,220393,0,1,0,1,0,1,0,0,0,0,0,0,0,0,0
1233,222469,0,0,0,0,0,0,1,0,0,0,0,0,0,0,0
1234,221156,1,1,1,0,1,0,1,1,0,1,0,0,1,1,1
1235,222407,0,0,0,0,0,0,0,0,0,0,0,0,0,0,0
1236,220535,0,0,0,0,0,0,0,0,0,0,0,0,0,0,0
1237,220768,0,0,0,0,0,0,0,0,0,1,0,0,1,0,0
1238,223814,0,0,1,1,1,0,0,1,1,1,0,1,0,1,1
1239,221877,1,0,1,1,1,1,1,1,1,1,1,1,1,1,1
1240,223861,0,1,1,1,1,1,0,1,1,1,1,1,1,1,1
1241,223556,1,0,0,1,1,0,0,1,1,1,1,1,1,1,1
1242,222174,1,1,1,1,1,1,1,1,1,1,1,1,1,1,1
1243,221442,1,0,0,0,0,0,0,0,0,1,0,0,0,0,0
1244,223018,0,0,0,0,0,0,0,0,0,0,0,0,1,1,0
1245,220436,0,0,0,0,0,1,0,0,0,0,0,0,0,0,0
1246,222972,0,0,0,0,0,0,0,0,0,0,0,0,0,0,0
1247,223930,0,0,0,1,1,1,1,1,0,1,1,1,0,1,1
1248,220411,0,0,0,0,0,0,0,0,0,0,0,0,0,0,0
1249,221053,0,1,1,0,0,0,0,0,0,0,0,1,1,1,0
1250,223059,0,0,1,0,0,1,0,0,0,0,1,0,0,0,0
1251,220135,1,0,1,1,1,1,0,1,1,1,1,1,1,1,1
1252,300000,1,1,0,0,0,1,1,1,0,1,1,1,1,1,1
1253,223889,0,1,1,1,1,0,1,1,1,1,1,1,1,1,1
1254,223971,0,0,1,0,1,1,0,0,0,0,0,0,0,0,0
1255,220347,1,0,0,0,1,0,1,1,1,1,0,1,0,1,1
1256,223621,1,0,0,1,1,1,1,1,1,1,1,1,1,1,1
1257,220987,1,0,0,1,0,0,1,1,1,0,1,1,1,1,1
1258,222947,1,1,0,0,1,1,1,1,1,1,0,1,1,1,1
1259,220372,0,0,0,1,0,0,0,1,0,1,0,0,0,0,1
1260,222520,1,0,1,1,0,0,1,1,1,1,1,1,1,1,1
1261,220529,0,1,1,0,1,0,1,1,1,1,1,1,1,1,1
1262,220720,1,1,1,1,1,1,0,1,1,1,1,1,1,1,1
1263,222432,1,1,0,0,1,1,0,1,1,0,0,1,0,1,1
1264,223655,1,0,0,0,0,0,0,1,1,1,0,1,1,1,1
1265,223138,0,0,0,0,0,0,0,0,0,0,0,0,0,0,0
1266,222559,1,1,1,1,0,1,0,1,1,0,0,1,0,1,1
1267,220276,1,0,1,1,0,1,1,1,1,1,1,1,1,1,1
1268,223753,1,1,1,1,0,1,0,1,1,0,1,1,1,1,1
1269,223158,1,1,1,0,1,1,1,1,0,1,1,1,1,1,1
1270,221414,1,1,1,1,1,1,1,1,1,1,1,1,1,1,1
1271,223990,0,0,1,1,1,1,1,1,1,1,1,1,0,1,1
1272,221544,0,0,0,0,0,0,0,1,0,1,0,1,1,1,1
1273,220021,1,1,0,0,0,1,1,1,1,1,1,1,1,1,1
1274,223894,0,1,1,1,1,1,1,1,1,1,1,1,1,1,1
1275,223095,1,0,0,0,0,0,0,0,0,0,0,0,0,0,0
1276,221843,0,0,0,0,0,0,0,0,0,0,0,0,0,0,0
1277,223468,0,0,0,0,0,0,0,0,0,0,0,0,0,0,0
1278,220829,0,0,0,0,0,0,0,0,0,0,0,0,0,0,0
1279,221221,0,0,0,0,0,0,0,0,0,1,0,0,0,0,0
1280,223648,0,1,1,0,1,1,0,1,1,1,1,1,1,1,1
1281,221126,0,0,0,0,0,0,0,0,0,0,0,1,0,1,1
1282,222426,0,0,0,0,0,0,0,0,0,0,0,0,0,0,0
1283,223161,0,1,1,1,1,0,0,1,1,1,1,1,0,1,1
1284,221249,0,0,0,0,0,0,0,0,0,0,0,0,0,0,0
1285,223025,0,0,0,0,1,0,1,1,1,1,1,1,1,1,1
1286,221647,0,1,1,1,1,1,1,1,1,1,1,0,1,1,1
1287,223645,0,0,0,0,1,0,0,0,0,1,0,1,0,1,1
1288,220152,0,0,0,0,0,0,1,0,0,1,0,0,0,0,0
1289,220751,0,0,0,0,0,0,0,0,0,0,0,0,0,0,0
1290,220158,0,0,1,0,0,0,1,1,0,1,0,1,1,1,1
1291,223131,1,0,0,1,1,1,1,1,1,1,1,1,0,1,1
1292,223914,0,0,0,0,0,0,1,0,0,1,0,1,1,1,0
1293,221496,0,1,1,1,1,0,0,1,1,1,1,1,0,1,1
1294,220409,0,0,0,0,1,0,1,1,1,1,0,1,1,1,1
1295,221684,1,1,1,1,0,1,1,1,1,1,1,1,1,1,1
1296,220980,1,1,0,1,1,1,1,1,0,1,1,1,0,1,1
1297,223864,1,1,0,0,0,0,1,1,0,1,0,1,1,1,1
1298,221403,0,1,1,0,1,1,1,1,1,1,1,1,1,1,1
1299,223348,1,0,1,0,0,0,1,1,0,0,1,1,0,1,1
1300,221160,1,1,1,1,1,1,1,1,1,1,1,1,0,1,1
1301,222369,0,0,0,0,0,0,0,0,0,1,0,1,1,1,1
1302,223524,0,0,0,1,0,1,0,1,0,0,0,1,1,0,1
1303,221029,0,0,0,0,0,0,0,0,0,0,0,0,0,0,0
1304,220798,1,0,1,0,0,1,0,1,0,1,1,1,1,1,1
1305,222058,1,1,1,1,1,1,1,1,1,1,1,0,1,1,1
1306,222765,0,0,1,0,0,0,0,0,0,0,0,0,1,1,1
1307,223172,1,1,1,1,0,1,0,1,0,1,1,1,1,1,1
1308,223786,0,1,1,1,1,0,1,1,1,1,1,1,1,1,1
1309,221965,0,0,0,0,1,0,1,0,1,1,0,1,1,1,1
1310,221964,0,0,0,0,0,0,1,0,1,0,0,1,0,1,1
1311,220904,1,1,1,0,1,1,1,1,1,1,1,1,1,1,1
1312,220965,1,0,1,1,1,0,0,1,1,1,1,1,1,1,1
1313,222129,1,1,1,1,1,0,0,1,1,1,1,0,0,1,1
1314,222635,0,0,0,1,1,1,1,1,1,1,1,1,0,1,1
1315,222424,0,0,0,0,0,1,0,0,0,0,0,0,0,0,0
1316,221354,0,0,1,1,1,0,0,1,0,1,1,1,0,1,1
1317,222936,1,1,0,1,1,1,1,1,1,1,1,1,1,1,1
1318,220080,1,1,0,1,0,1,1,1,1,1,0,1,1,1,1
1319,220507,0,0,0,0,0,0,0,0,0,0,0,1,1,0,0
1320,221061,1,1,1,1,0,1,0,1,1,1,1,1,1,1,1
1321,223944,0,0,0,0,0,1,0,0,0,0,0,0,0,0,0
1322,222427,1,0,1,0,0,0,1,1,1,1,1,1,1,1,1
1323,221505,1,1,1,1,1,1,1,1,1,1,1,1,1,1,1
1324,222279,1,1,1,0,1,0,1,0,1,1,1,1,1,1,1
1325,222719,0,0,1,0,0,0,0,1,0,0,0,0,0,1,0
1326,223128,1,0,0,0,0,0,0,1,1,0,0,1,0,0,1
1327,222910,0,0,0,0,0,0,0,0,0,0,0,1,0,1,1
1328,221735,0,0,1,1,0,1,0,1,1,0,1,0,1,1,1
1329,221164,1,1,0,1,1,1,0,1,0,0,0,0,0,1,1
1330,221669,0,0,1,0,1,1,1,1,0,1,1,1,0,1,1
1331,220910,1,1,0,0,1,0,1,1,1,1,0,1,1,1,1
1332,221941,0,0,0,0,1,0,0,0,1,0,1,1,1,0,0
1333,222833,0,0,0,0,0,0,0,0,0,0,0,0,0,0,0
1334,222811,0,0,0,0,0,0,1,1,0,1,0,1,0,1,1
1335,222218,1,1,1,1,1,1,0,1,1,1,1,1,0,1,1
1336,222805,1,1,0,1,0,1,1,1,0,1,1,1,0,1,1
1337,220629,0,0,1,0,1,0,1,1,1,0,1,1,0,1,1
1338,221872,0,0,0,0,0,0,0,0,0,0,1,0,0,0,0
1339,222226,1,0,1,0,1,0,1,1,1,1,1,1,0,1,1
1340,221525,0,0,0,0,1,0,0,0,0,1,0,1,1,1,0
1341,222376,0,0,0,0,0,0,0,0,0,0,0,0,0,0,0
1342,220602,1,1,0,0,0,0,1,1,0,1,1,1,1,1,1
1343,222248,1,0,1,1,0,0,1,1,0,1,1,0,0,1,1
1344,222275,0,0,1,0,0,0,1,1,1,1,1,1,0,1,1
1345,223857,0,0,0,0,1,0,0,0,0,0,0,0,0,0,0
1346,221124,1,0,0,1,1,1,1,1,1,1,1,1,1,1,1
1347,222665,0,0,0,0,0,1,0,0,0,0,0,0,0,0,0
1348,221230,1,1,0,1,0,1,0,1,1,1,1,1,0,1,1
1349,221210,0,0,0,0,0,0,0,0,0,0,0,0,0,0,0
1350,221672,1,1,1,0,1,0,0,1,1,1,1,1,1,1,1
1351,223784,0,0,0,0,0,0,1,0,1,0,0,1,1,1,1
1352,222851,0,0,0,1,1,0,1,1,1,1,0,1,0,1,1
1353,220312,1,1,0,1,1,1,0,1,0,1,0,1,0,0,1
1354,220450,1,1,0,1,0,1,0,1,1,1,0,1,1,1,1
1355,220969,1,1,1,1,1,0,1,1,1,1,0,1,0,1,1
1356,220251,0,0,0,0,0,0,0,0,0,0,0,0,0,0,0
1357,220106,0,0,0,0,0,0,1,1,1,1,1,1,1,1,1
1358,221226,0,0,0,0,0,0,1,1,1,0,0,0,0,1,0
1359,220469,0,0,0,0,0,0,0,0,0,0,0,0,0,0,1
1360,221469,0,0,0,0,1,0,1,1,1,1,0,1,0,1,1
1361,221593,0,0,0,0,0,0,0,0,0,0,0,0,0,0,0
1362,220764,0,0,0,0,0,0,0,0,1,0,1,1,1,1,1
1363,222790,1,1,0,0,0,0,0,1,0,1,0,1,1,1,1
1364,223541,1,0,0,0,1,1,1,1,1,1,1,1,0,1,1
1365,222265,0,1,1,1,1,0,1,1,1,1,0,1,1,1,1
1366,223936,0,0,0,0,0,1,1,0,1,1,1,1,1,1,1
1367,220118,1,0,0,0,0,0,0,0,0,0,0,0,0,0,0
1368,220186,0,1,1,1,1,0,0,1,1,1,1,1,0,1,1
1369,223312,0,1,0,0,0,1,1,1,1,1,0,1,1,1,1
1370,222145,1,1,1,1,1,0,1,1,1,1,1,1,0,1,1
1371,223067,1,1,1,1,1,1,1,1,1,1,1,1,1,1,1
1372,223932,1,1,1,0,1,0,1,1,0,0,1,1,1,1,1
1373,221366,0,1,0,0,1,1,0,1,1,1,1,1,1,1,1
1374,222034,1,0,1,0,1,0,0,1,1,1,1,1,1,1,1
1375,220977,0,0,0,0,0,0,0,1,0,1,0,0,0,1,0
1376,223187,1,1,0,0,1,1,0,1,1,1,1,1,1,1,1
1377,220188,0,1,1,0,0,0,0,1,0,0,0,0,0,0,0
1378,221979,0,0,0,0,0,0,0,0,0,0,0,0,0,1,0
1379,221412,1,1,0,0,1,0,1,1,1,1,1,1,1,1,1
1380,221703,0,1,0,0,0,0,1,1,0,1,1,1,0,1,1
1381,222906,0,0,0,0,0,0,0,0,0,0,0,0,0,0,0
1382,222783,1,1,1,1,1,1,1,1,1,1,1,1,1,1,1
1383,223584,1,0,1,1,1,1,1,1,1,1,1,1,0,1,1
1384,222563,0,0,0,0,0,0,0,0,0,0,0,1,0,0,0
1385,220275,0,1,0,1,1,1,1,1,1,1,1,1,1,1,1
1386,220693,0,0,0,0,0,0,0,1,1,0,0,0,0,0,0
1387,220596,0,0,0,0,1,0,1,0,0,0,1,1,1,1,1
1388,221102,1,1,0,1,0,1,1,1,1,1,1,1,1,1,1
1389,223445,0,0,1,0,0,1,0,1,0,1,1,0,1,0,0
1390,220555,0,1,1,0,0,0,0,0,1,1,0,1,0,1,1
1391,221747,1,1,1,1,0,1,1,1,1,1,0,0,1,1,1
1392,222147,0,0,1,1,0,1,0,1,0,0,1,0,0,1,1
1393,223355,1,1,1,1,0,0,0,1,1,1,1,1,1,1,1
1394,223870,0,1,0,0,1,1,1,1,1,1,1,1,1,1,1
1395,220869,0,1,1,1,1,0,1,1,0,1,1,1,1,1,1
1396,223072,1,1,0,1,1,1,0,1,1,1,1,1,0,1,1
1397,223476,0,0,0,0,0,0,0,0,0,0,0,0,0,0,0
1398,222489,0,0,0,0,0,0,0,0,0,0,0,0,0,0,0
1399,221908,1,1,1,1,1,1,1,1,1,1,1,1,1,1,1
1400,223260,0,0,1,1,1,0,1,0,1,1,1,1,1,1,1
1401,220553,0,0,1,0,0,0,0,0,0,0,0,0,0,1,1
1402,221111,0,0,0,0,0,1,0,1,1,1,1,1,1,1,1
1403,221450,0,1,1,1,0,1,0,1,1,1,1,0,1,1,1
1404,220552,1,0,1,1,1,0,0,1,1,1,1,1,0,1,1
1405,221200,0,0,0,0,0,1,0,1,0,1,0,1,0,0,1
1406,223454,0,0,1,0,0,1,0,1,0,1,1,1,1,1,1
1407,220958,1,1,0,1,1,1,0,1,1,1,1,1,1,1,1
1408,223580,1,1,0,1,1,1,0,1,1,1,1,1,1,1,1
1409,221903,0,1,1,0,0,0,1,1,1,1,1,1,1,1,1
1410,224015,0,0,0,0,0,0,0,0,0,0,0,0,0,0,0
1411,222794,0,0,0,0,0,0,1,0,1,1,1,1,0,1,1
1412,221045,0,1,1,1,1,1,1,1,0,1,1,1,1,1,1
1413,300000,0,0,0,0,0,0,1,0,1,0,0,1,1,1,1
1414,222434,0,0,0,0,0,0,0,0,0,0,0,1,0,0,0
1415,220451,0,0,0,0,0,0,0,0,0,0,0,0,0,0,1
1416,221253,1,0,1,1,1,1,1,1,1,0,1,1,0,1,1
1417,221034,1,0,0,1,0,1,1,1,1,1,0,1,1,1,1
1418,220628,0,0,0,1,1,1,1,1,1,1,1,1,1,1,1
1419,223537,1,1,1,1,1,0,1,1,1,1,1,1,1,1,1
1420,223612,1,0,1,0,0,0,0,0,0,1,0,0,0,0,0
1421,221472,0,0,0,0,0,0,0,0,0,0,0,0,0,0,0
1422,221683,1,0,0,0,0,1,1,0,1,0,0,0,0,1,1
1423,222146,1,1,1,1,1,0,0,1,1,1,1,1,1,1,1
1424,221313,0,1,0,0,0,0,1,0,0,0,0,0,0,0,0
1425,220271,1,0,1,0,0,0,1,1,1,1,0,1,1,1,1
1426,222695,1,0,0,0,0,0,0,0,0,0,0,0,0,0,0
1427,221295,0,1,1,1,1,1,1,1,1,1,1,1,1,1,1
1428,220277,0,0,0,0,0,0,0,0,0,1,0,0,0,0,0
1429,221483,0,0,0,0,0,0,1,0,1,0,0,1,0,1,1
1430,221799,0,0,0,0,1,0,0,1,1,1,1,1,1,1,1
1431,222383,0,0,0,1,0,1,0,1,1,1,0,1,1,1,1
1432,222214,0,1,1,0,1,0,0,0,0,1,0,0,0,1,1
1433,222256,1,1,0,0,1,1,0,1,1,1,1,1,1,1,1
1434,222988,1,1,1,1,1,0,0,1,1,1,1,1,1,1,1
1435,223862,1,1,0,0,1,1,1,1,1,1,1,1,1,1,1
1436,220728,0,0,0,0,0,0,0,0,0,0,0,0,1,0,0
1437,223998,0,0,1,1,0,0,1,1,0,1,1,1,1,1,1
1438,220641,0,0,0,0,0,0,0,1,0,0,0,1,0,1,1
1439,222731,1,0,1,1,0,1,1,1,1,1,1,1,1,1,1
1440,222544,1,1,1,1,1,0,0,1,1,1,1,1,1,1,1
1441,221336,0,0,0,0,0,0,0,0,0,0,0,0,0,0,0
1442,223110,0,0,0,0,0,0,0,0,0,0,0,0,0,0,0
1443,221492,1,0,1,1,0,1,1,1,0,1,0,1,0,1,1
1444,220971,0,1,1,0,1,1,1,1,1,1,1,1,1,1,1
1445,221479,0,1,1,1,0,1,0,1,1,1,1,1,0,1,0
1446,220784,0,1,1,1,0,1,1,1,1,1,1,1,0,1,1
1447,220224,1,0,0,0,0,1,1,1,0,0,1,1,1,1,1
1448,220883,1,0,1,1,1,1,1,1,0,1,1,1,1,1,1
1449,220877,0,0,0,0,0,1,0,1,1,1,1,1,1,1,1
1450,221292,1,0,1,0,1,1,1,1,1,1,0,1,0,1,1
1451,220578,0,0,0,0,0,1,0,0,0,0,0,0,0,0,0
1452,222843,0,0,0,0,0,0,0,0,0,0,0,0,0,0,0
1453,222423,1,1,1,1,1,1,1,1,1,1,0,1,1,1,1
1454,220063,1,0,0,1,0,1,0,1,1,1,1,1,1,1,1
1455,222893,0,0,0,1,0,1,0,0,0,0,0,0,0,0,1
1456,221030,0,1,1,1,1,1,1,1,1,1,1,1,1,1,1
1457,220566,0,1,1,1,1,1,1,1,1,1,1,1,1,1,1
1458,222370,0,0,1,0,1,1,1,1,1,1,1,1,1,1,1
1459,220648,1,0,0,1,1,0,1,1,0,1,1,1,1,1,1
1460,222057,0,0,1,1,0,1,0,1,0,1,0,1,0,1,1
1461,220993,0,1,1,1,0,1,1,0,1,1,1,1,1,1,1
1462,221422,0,0,0,0,0,1,0,0,0,0,0,0,0,0,0
1463,220505,0,0,0,0,0,0,1,0,0,1,1,1,1,1,1
1464,220519,1,0,0,0,1,0,0,1,1,1,0,1,1,1,1
1465,222314,0,0,0,0,0,0,0,1,0,1,0,1,0,1,1
1466,221262,0,1,1,1,1,1,0,1,1,1,1,1,1,1,1
1467,221461,0,1,1,1,1,1,1,1,1,1,1,1,1,1,1
1468,220174,1,0,0,0,0,0,0,0,0,0,0,0,0,0,0
1469,220642,0,1,1,1,0,0,1,1,1,1,1,1,1,1,1
1470,220989,0,0,0,0,1,0,1,0,1,0,0,1,1,1,1
1471,221337,0,0,0,0,0,0,1,1,1,1,1,1,1,1,1
1472,222589,1,1,1,1,1,1,1,1,1,1,1,1,1,1,1
1473,222494,0,0,0,0,0,0,0,0,0,0,0,0,0,0,0
1474,222035,0,1,1,1,1,1,1,1,1,1,1,1,1,1,1
1475,220806,0,0,0,1,1,1,0,1,1,1,1,1,1,1,1
1476,221364,0,1,1,1,0,0,1,1,1,1,1,1,1,1,1
1477,221339,0,0,0,0,0,0,0,0,0,0,0,1,0,1,1
1478,223978,0,0,1,0,0,0,0,0,1,0,0,0,0,0,0
1479,222004,0,0,1,0,1,0,1,1,1,0,0,1,0,0,1
1480,221971,1,1,1,1,1,1,1,1,1,1,1,1,1,1,1
1481,223721,0,0,0,0,0,0,0,0,0,1,1,0,0,0,0
1482,223572,0,0,1,1,0,0,1,1,1,1,1,1,1,1,1
1483,223641,0,0,0,1,0,0,0,0,0,0,0,0,0,0,1
1484,221599,0,0,0,0,0,0,1,0,1,0,0,0,1,1,1
1485,223630,0,0,1,0,1,0,0,1,1,1,1,0,1,1,1
1486,221009,0,1,0,1,1,1,0,1,1,1,1,1,1,1,1
1487,220556,0,0,0,0,0,0,0,0,0,0,0,0,0,0,0
1488,223555,0,0,0,1,1,1,1,1,1,1,1,1,1,1,1
1489,223512,1,1,1,0,0,0,0,1,0,0,0,1,0,0,0
1490,221335,0,1,0,0,0,0,0,0,0,1,1,1,1,1,1
1491,222409,0,1,1,1,1,0,1,1,1,1,1,1,1,1,1
1492,223588,0,1,1,1,1,0,1,1,1,0,0,0,0,1,1
1493,223906,1,1,1,1,1,1,1,1,1,1,0,1,1,1,1
1494,222384,0,0,0,0,0,0,0,0,0,0,0,0,0,0,0
1495,221196,1,1,1,1,0,0,1,1,1,1,1,1,1,1,1
1496,222485,0,0,0,0,0,0,0,0,0,0,0,0,0,0,0
1497,222853,0,0,0,0,1,1,0,1,1,1,0,0,0,1,1
1498,220963,0,0,0,0,0,0,0,0,1,0,1,0,0,1,1
1499,221656,0,0,0,0,1,0,1,1,1,1,0,0,1,1,1
1500,222337,1,0,0,0,0,0,0,0,0,0,0,0,0,0,1
1501,222799,0,0,0,1,0,1,0,1,0,0,0,0,0,0,0
1502,222752,0,0,0,1,1,0,0,1,1,1,0,0,0,1,1
1503,221051,0,0,0,1,1,1,1,1,0,1,1,1,0,1,1
1504,222887,1,0,1,0,1,1,1,1,0,1,1,1,0,1,1
1505,224009,1,1,1,1,1,1,0,1,1,1,1,1,1,1,1
1506,220717,1,1,1,0,1,1,0,1,1,1,1,1,0,1,1
1507,222016,1,0,1,1,0,0,1,1,1,1,0,1,1,1,1
1508,220899,1,0,0,1,0,0,0,1,0,1,0,0,0,1,1
1509,223463,1,0,1,1,1,0,0,1,1,1,1,1,1,1,1
1510,222258,1,0,0,0,1,1,0,1,0,0,0,1,0,1,0
1511,223269,1,1,1,1,0,1,0,1,1,1,1,1,0,1,1
1512,220007,1,1,1,1,1,1,1,1,1,1,1,1,1,1,1
1513,221898,0,0,0,0,0,0,1,0,0,0,0,0,0,0,0
1514,221100,0,1,0,1,0,1,1,1,0,1,0,1,1,1,1
1515,221103,1,1,1,1,1,1,0,1,1,1,1,1,1,1,1
1516,223813,0,0,1,1,1,1,1,1,1,1,1,1,1,1,1
1517,220339,0,0,1,0,0,0,0,1,0,1,0,1,0,1,1
1518,223046,0,0,0,0,0,0,0,0,0,0,0,0,0,0,0
1519,221529,1,1,0,0,0,1,1,1,0,1,1,1,1,1,1
1520,221404,1,1,0,1,1,1,1,1,1,1,1,1,1,1,1
1521,221507,0,0,0,0,0,1,0,0,0,0,0,0,0,0,0
1522,221967,1,0,1,1,0,0,0,1,0,1,0,1,1,1,1
1523,221381,1,1,0,1,1,1,0,1,1,1,1,1,1,1,1
1524,222276,0,0,1,0,1,1,1,1,1,1,0,1,0,1,1
1525,221891,0,0,0,1,0,1,1,1,1,1,0,1,1,1,1
1526,223339,1,0,1,0,0,0,0,1,1,1,0,1,0,1,1
1527,221312,1,1,1,0,0,0,1,1,1,1,0,1,0,1,1
1528,222505,0,0,0,0,0,0,0,0,0,0,0,0,0,0,0
1529,221686,0,1,1,0,1,1,1,0,0,0,1,1,1,1,1
1530,220753,1,1,0,0,1,0,1,0,0,0,0,1,1,1,1
1531,221992,1,1,0,0,0,1,1,1,1,1,1,1,0,1,1
1532,223785,0,1,0,0,1,1,1,1,0,1,0,1,1,1,1
1533,221455,0,0,0,1,0,1,1,1,1,1,1,1,1,1,1
1534,220620,0,0,1,1,1,0,1,1,1,1,0,1,1,1,1
1535,222724,0,0,0,0,0,1,0,1,0,0,0,0,1,0,0
1536,220792,0,0,0,0,0,0,0,0,0,1,0,0,0,0,0
1537,222478,0,0,1,1,0,0,1,1,1,1,1,1,0,1,1
1538,221198,1,0,0,0,0,0,1,1,0,1,1,1,1,1,1
1539,222806,0,0,1,1,1,1,1,1,1,1,1,1,1,1,1
1540,223206,1,1,1,1,1,0,1,1,1,1,1,1,1,1,1
1541,222301,0,0,0,0,0,0,1,0,1,1,0,1,1,1,1
1542,223747,0,0,0,0,1,0,0,0,0,0,0,0,0,0,0
1543,220427,0,1,1,1,0,1,0,1,0,1,0,1,1,1,1
1544,223865,1,0,0,1,1,1,1,1,1,0,1,1,1,1,1
1545,220168,0,0,1,0,1,0,0,1,1,1,1,1,1,1,1
1546,222801,0,1,0,0,1,0,0,1,0,1,0,1,0,1,1
1547,222395,1,0,0,1,1,1,1,1,1,1,1,1,1,1,1
1548,220835,0,0,0,1,0,0,0,0,0,0,0,0,0,0,0
1549,221853,0,0,0,0,0,0,1,0,0,0,0,0,0,0,1
1550,222348,0,0,0,0,1,0,0,1,1,0,0,0,0,0,1
1551,222350,0,0,0,0,1,0,0,1,1,0,1,0,0,0,0
1552,221936,0,0,0,0,0,0,0,0,0,0,0,0,0,0,0
1553,220618,0,0,1,0,0,1,0,0,1,1,1,1,1,1,1
1554,223178,0,1,1,1,1,1,1,1,1,0,1,1,1,1,1
1555,223781,1,0,1,0,1,1,0,1,0,1,1,1,1,1,1
1556,221559,0,0,1,1,0,0,1,1,0,1,1,1,0,1,1
1557,300000,1,0,0,0,0,1,1,1,1,0,0,0,0,1,1
1558,220892,0,1,1,1,1,0,1,1,1,1,1,1,1,1,1
1559,222872,0,0,1,1,0,0,1,1,1,1,1,1,1,1,1
1560,223065,0,1,1,1,0,0,1,1,1,1,1,1,1,1,1
1561,220025,1,1,1,1,1,0,0,1,1,1,1,1,1,1,1
1562,220846,1,1,1,1,1,0,1,1,1,1,1,1,1,1,1
1563,221501,1,0,0,1,1,1,1,1,1,1,0,1,1,1,1
1564,221938,0,1,1,1,0,0,1,1,1,1,1,1,0,1,1
1565,220204,0,0,1,0,0,0,1,1,1,1,1,1,0,1,1
1566,224044,1,1,0,1,1,1,1,1,0,1,1,1,1,1,1
1567,223194,0,0,1,0,0,0,0,0,1,1,1,0,0,0,0
1568,221225,1,1,1,1,0,0,1,1,1,1,1,1,1,1,1
1569,222775,0,0,0,0,0,1,0,0,0,0,0,0,0,0,0
1570,222575,0,0,0,0,0,0,0,0,0,0,0,0,0,0,0
1571,221066,1,0,0,0,0,0,0,0,1,0,1,1,1,0,0
1572,221780,0,0,0,0,0,0,0,0,0,0,0,0,0,0,0
1573,222235,0,0,0,0,0,0,0,0,0,0,0,0,0,0,0
1574,300000,0,0,1,0,0,1,0,0,0,1,1,1,0,1,1
1575,222871,0,1,0,0,0,1,1,1,1,1,0,1,1,1,1
1576,222666,0,0,1,0,1,0,1,1,1,1,1,1,1,1,1
1577,222564,1,1,1,1,1,1,0,1,1,1,1,1,1,1,1
1578,223839,0,0,0,0,0,0,0,0,0,0,0,0,0,0,0
1579,221231,0,0,0,0,0,0,0,0,0,0,0,0,0,0,1
1580,220755,1,1,1,1,1,0,0,1,1,1,1,1,0,1,1
1581,223920,0,0,0,0,0,0,0,0,0,0,0,0,0,0,1
1582,223851,0,0,0,0,1,0,1,1,1,1,1,1,1,1,1
1583,220558,0,0,1,1,0,1,1,1,1,1,1,1,0,1,1
1584,223053,0,0,0,0,0,0,0,0,0,0,0,0,0,0,0
1585,222815,0,0,1,1,1,0,0,0,0,0,0,0,0,0,0
1586,220702,0,1,0,0,0,0,1,0,1,0,1,0,1,1,1
1587,223126,0,0,0,0,0,0,0,0,0,0,0,0,0,0,0
1588,223060,0,0,0,1,1,1,1,1,1,1,1,1,1,1,1
1589,223012,1,1,1,1,1,1,0,1,1,1,1,1,0,1,1
1590,223224,0,0,1,0,0,1,0,0,1,0,0,0,0,0,1
1591,221098,0,0,0,0,0,0,1,1,0,1,1,1,0,1,0
1592,221368,0,0,1,0,0,1,1,1,1,0,1,1,1,1,1
1593,221816,0,1,0,1,1,1,1,1,0,0,0,0,1,1,1
1594,222113,0,1,0,0,0,1,1,0,1,1,0,0,0,1,1
1595,220404,1,1,1,1,1,0,1,1,1,1,1,1,1,1,1
1596,222813,1,1,1,1,1,1,0,1,1,1,1,1,0,1,1
1597,220644,0,1,0,1,1,1,0,1,1,1,0,1,1,1,1
1598,221675,0,1,1,1,1,0,0,1,1,1,1,1,1,1,1
1599,220078,1,0,1,1,1,1,0,1,1,0,0,1,0,1,1
1600,223295,0,1,1,1,0,1,1,1,1,1,0,0,1,1,1
1601,222715,0,1,0,0,0,0,0,0,0,0,0,0,0,0,0
1602,222766,0,0,0,0,1,0,0,0,0,0,0,0,0,0,1
1603,221035,0,0,0,0,0,1,1,1,0,1,1,1,1,1,1
1604,222543,1,1,1,1,1,1,1,1,1,1,1,1,1,1,1
1605,222581,0,0,0,1,0,0,0,1,1,1,1,0,0,1,1
1606,221334,0,0,0,0,0,0,0,0,0,0,0,0,0,0,0
1607,222363,0,0,1,0,1,1,1,1,0,1,1,1,0,1,1
1608,222867,0,1,1,0,1,1,0,1,1,1,1,1,0,1,1
1609,220976,0,0,0,0,1,0,0,0,0,1,0,0,0,0,0
1610,221573,1,1,1,0,1,1,1,1,1,1,1,1,1,1,1
1611,223385,1,1,0,1,0,1,0,1,1,1,1,1,0,1,1
1612,220736,0,0,0,0,1,1,1,1,1,1,0,1,1,1,1
1613,221521,1,1,1,0,0,1,0,0,1,1,0,1,0,1,1
1614,221889,0,0,0,0,0,0,1,0,0,0,0,0,1,1,1
1615,222400,0,0,0,0,0,0,0,0,0,0,0,0,0,0,0
1616,222123,1,1,1,1,1,0,1,1,1,1,1,1,1,1,1
1617,220827,0,1,1,1,0,0,1,1,0,0,1,1,1,1,1
1618,220959,1,0,0,1,0,0,1,1,0,1,0,1,1,1,1
1619,222231,0,1,0,0,0,0,1,1,1,1,1,1,1,1,0
1620,222685,0,0,0,0,0,0,1,0,0,0,0,0,0,1,1
1621,223017,1,1,1,1,1,0,1,1,1,1,1,1,1,1,1
1622,221493,1,0,0,0,0,0,0,1,0,0,0,0,0,1,0
1623,220942,1,1,1,0,1,1,1,1,0,1,1,1,1,1,1
1624,222927,1,1,0,1,1,1,1,0,1,0,0,1,1,1,1
1625,223938,0,1,1,0,1,1,1,1,1,1,1,1,1,1,1
1626,222771,1,0,0,0,1,1,1,1,0,1,1,1,0,1,1
1627,221931,0,0,0,0,0,0,0,0,0,0,0,0,0,0,0
1628,222484,1,1,1,0,1,1,0,1,1,1,1,1,1,1,1
1629,222211,1,0,0,0,0,1,0,0,0,0,0,0,0,0,0
1630,222688,0,0,1,1,0,1,1,1,1,1,1,1,0,1,1
1631,300000,1,0,0,0,0,0,1,1,1,1,0,0,0,1,0
1632,220467,0,0,0,0,0,1,0,0,0,0,0,0,0,0,0
1633,222683,0,1,0,0,0,1,1,1,0,1,1,1,0,1,1
1634,222983,0,1,1,0,1,0,1,1,1,1,1,1,1,1,1
1635,222015,0,1,0,0,1,0,0,1,1,1,1,1,1,1,1
1636,221317,1,1,0,1,1,0,0,1,1,1,1,1,1,1,1
1637,223917,0,0,0,0,0,1,1,0,0,1,1,0,1,1,1
1638,223252,0,1,0,0,1,1,1,1,1,1,1,1,0,1,1
1639,223205,1,0,0,1,1,1,1,1,0,1,1,1,1,1,1
1640,222026,1,1,1,1,0,1,0,1,0,0,1,1,1,1,1
1641,220901,0,0,1,1,0,0,0,0,1,1,1,1,1,1,1
1642,220678,0,0,0,0,0,0,1,1,1,0,1,1,1,1,1
1643,221665,0,0,0,0,0,0,0,0,0,0,0,0,0,0,0
1644,300000,0,0,0,0,0,1,1,1,0,1,0,0,1,1,1
1645,221608,0,1,0,1,1,0,0,1,1,1,0,1,0,1,1
1646,221446,1,1,1,1,1,1,1,1,1,1,0,0,0,1,1
1647,221405,1,0,1,0,1,1,0,1,1,1,1,1,1,1,1
1648,222495,0,1,1,0,0,1,1,1,0,1,0,0,0,1,1
1649,220408,1,1,0,0,1,1,0,1,1,1,1,0,1,1,1
1650,223092,0,1,1,1,1,0,1,1,1,1,1,1,1,1,1
1651,221189,0,0,0,0,1,0,0,0,0,0,0,0,0,0,0
1652,220261,0,1,1,1,1,0,1,1,1,1,1,1,1,1,1
1653,223611,1,0,1,1,0,0,1,1,1,1,1,1,1,1,1
1654,220348,0,0,1,1,0,0,0,0,0,0,0,0,0,1,0
1655,220254,0,0,0,0,0,1,0,0,0,0,0,0,0,0,0
1656,221932,1,0,0,1,1,0,0,1,0,0,1,0,0,1,1
1657,220964,1,1,1,1,1,1,1,1,1,1,1,1,1,1,1
1658,220414,0,0,1,1,0,1,0,1,0,1,1,1,1,1,1
1659,224038,1,0,0,0,1,0,1,1,1,1,1,1,1,1,1
1660,223796,1,0,0,0,0,0,0,1,0,0,0,0,1,1,1
1661,222776,1,1,0,1,1,1,0,1,0,1,0,1,0,1,1
1662,220384,0,0,0,0,0,0,0,0,0,0,1,0,0,0,1
1663,220579,0,0,0,0,0,1,0,0,0,0,1,0,0,0,0
1664,223563,0,0,0,0,0,0,0,0,0,0,1,0,0,1,1
1665,223109,1,1,0,0,0,1,0,0,0,1,0,1,0,0,0
1666,221390,1,0,1,0,1,1,0,1,1,1,1,1,1,1,1
1667,300000,0,0,1,0,0,0,0,0,0,0,0,1,0,0,0
1668,223124,1,0,0,0,1,0,0,0,0,0,1,0,0,0,0
1669,221622,0,0,0,0,0,1,0,0,0,0,0,0,0,1,1
1670,222100,0,0,0,0,0,0,0,1,0,0,0,0,0,0,0
1671,221783,0,0,1,0,1,0,1,0,1,0,0,1,1,1,1
1672,220661,0,0,0,0,1,0,1,0,0,0,0,1,1,0,0
1673,221594,0,0,0,0,0,1,1,1,1,1,0,0,1,1,1
1674,221999,0,0,0,0,0,1,0,1,0,1,0,0,1,0,1
1675,223691,1,1,1,1,1,0,0,1,1,1,1,1,0,1,1
1676,222186,0,0,0,0,0,0,0,0,0,0,0,0,0,0,0
1677,223010,0,1,1,0,1,1,1,1,1,1,1,1,1,1,1
1678,221407,0,0,1,0,0,0,0,1,0,1,0,0,0,1,1
1679,223558,0,0,0,0,0,0,0,0,0,0,0,0,0,0,0
1680,223754,1,0,1,1,0,1,0,1,1,1,0,1,1,1,1
1681,222094,0,0,0,0,1,0,0,1,1,1,0,0,1,1,0
1682,223093,1,0,1,0,1,1,1,1,0,1,1,1,0,1,1
1683,224042,0,0,1,0,1,0,0,1,1,1,1,1,1,1,1
1684,220257,1,0,0,0,0,0,1,1,0,1,1,1,1,1,1
1685,220064,1,1,1,1,1,0,1,1,0,1,1,1,1,1,1
1686,222980,1,0,0,1,0,1,1,1,0,1,1,1,0,1,1
1687,221299,0,0,0,1,1,1,1,1,1,1,1,1,1,1,1
1688,223599,0,1,0,0,1,0,0,0,1,0,0,0,0,0,0
1689,223900,0,0,0,0,0,0,0,0,0,0,1,0,0,0,0
1690,220177,0,0,1,0,1,1,1,1,1,1,1,1,0,1,1
1691,222267,0,0,0,1,0,0,0,1,1,1,0,1,0,1,1
1692,223460,1,0,0,0,1,0,0,0,1,0,1,1,1,0,0
1693,220368,1,1,1,1,1,0,1,1,1,1,0,1,0,1,1
1694,223736,1,1,1,0,1,1,1,1,1,1,1,1,1,1,1
1695,224020,0,0,0,0,0,0,0,0,0,0,0,0,0,0,0
1696,223912,0,1,0,0,0,1,1,1,1,0,0,1,0,1,1
1697,221806,0,0,0,0,0,0,0,0,0,0,0,0,0,0,0
1698,220240,1,0,1,0,1,1,1,1,1,1,1,1,1,1,1
1699,220288,0,0,0,0,0,0,0,1,0,0,1,1,1,0,1
1700,220862,1,1,1,1,1,1,1,1,1,1,1,0,1,1,1
1701,223997,1,0,1,0,0,0,0,0,0,0,0,1,0,1,1
1702,222526,1,1,0,0,0,0,0,0,1,1,0,0,1,0,1
1703,220878,0,0,0,0,0,0,0,0,0,0,0,0,0,0,0
1704,220849,0,0,1,1,0,1,1,1,1,1,1,1,1,1,1
1705,223311,1,0,0,0,1,0,1,1,0,0,0,0,0,1,0
1706,223969,0,0,1,1,1,0,0,1,1,1,0,1,1,1,1
1707,220850,1,0,0,0,0,1,1,1,1,1,1,1,1,1,1
1708,222921,1,0,0,0,1,1,0,1,0,1,0,1,1,1,1
1709,222447,1,1,1,0,1,0,1,1,0,1,0,1,1,1,1
1710,222136,1,1,1,1,1,0,0,1,1,1,1,1,1,1,1
1711,221864,0,0,1,0,0,1,1,1,1,1,1,1,1,1,1
1712,222554,1,1,0,1,1,1,1,1,0,1,1,1,1,1,1
1713,222098,0,0,1,0,0,1,0,0,0,0,0,0,0,0,0
1714,300000,0,0,0,0,0,1,0,1,0,1,0,0,0,0,1
1715,223244,0,1,0,0,0,0,0,0,0,0,1,1,0,1,1
1716,220170,0,0,1,1,0,1,1,1,1,0,0,1,0,1,1
1717,222636,1,1,1,1,1,0,1,1,1,1,1,1,1,1,1
1718,223403,0,1,1,1,1,1,0,1,1,1,1,1,0,1,1
1719,222745,0,0,0,0,0,0,0,0,0,0,0,0,0,0,0
1720,220952,0,0,0,0,1,0,0,0,1,0,1,0,1,1,1
1721,222167,1,0,1,1,1,0,1,1,1,1,1,1,1,1,1
1722,221242,0,0,0,0,1,1,0,1,0,0,0,0,0,1,1
1723,300000,0,0,0,0,0,0,0,0,1,0,0,0,0,0,0
1724,223149,0,0,0,1,0,0,0,1,0,1,0,0,0,0,0
1725,222634,0,1,1,1,0,1,0,1,1,1,0,0,0,1,1
1726,220710,0,0,0,0,0,0,0,0,0,0,0,0,0,0,0
1727,222865,0,0,0,1,0,0,0,0,0,0,0,0,0,0,0
1728,220643,1,0,1,0,0,1,1,1,0,1,1,1,0,1,1
1729,220052,1,1,1,0,0,0,0,0,0,0,1,0,1,1,0
1730,223450,1,0,1,1,1,1,0,1,1,1,1,1,0,1,1
1731,220498,0,0,1,0,0,1,1,1,0,1,1,0,1,1,1
1732,223226,1,0,0,0,1,1,1,1,1,1,1,1,1,1,1
1733,222992,0,1,0,0,1,1,1,0,0,1,1,1,1,1,1
1734,221149,1,1,1,1,1,1,1,1,1,1,1,1,1,1,1
1735,222970,0,0,0,0,0,0,0,0,0,0,0,0,0,0,0
1736,222546,0,0,0,1,0,0,0,1,0,0,0,1,0,1,1
1737,221183,0,0,0,1,1,1,0,1,1,1,1,1,1,1,1
1738,222019,0,0,1,0,0,1,0,0,0,1,1,1,1,0,1
1739,220857,0,0,1,1,0,0,1,0,0,0,1,1,0,1,1
1740,220307,0,0,0,0,0,1,1,1,0,1,0,0,0,1,1
1741,222089,0,1,0,0,0,0,0,1,1,1,1,1,1,1,1
1742,221546,0,0,0,0,0,0,0,0,0,1,0,0,1,1,0
1743,222389,0,0,0,0,0,1,0,0,1,0,0,0,0,0,0
1744,222212,0,0,0,0,0,0,0,0,0,0,0,0,0,0,0
1745,223776,1,0,1,1,1,0,0,1,1,1,1,1,1,1,1
1746,221800,0,0,0,0,0,0,0,1,0,1,0,0,0,0,0
1747,221514,0,0,0,0,1,1,1,1,1,1,1,1,1,1,1
1748,220638,0,0,0,0,0,0,0,1,0,0,0,1,1,1,1
1749,221956,1,1,0,0,1,1,0,1,1,1,0,0,1,1,1
1750,223019,0,0,0,0,0,1,0,0,0,0,0,0,0,0,0
1751,223506,0,0,0,0,0,0,0,0,0,0,0,0,0,0,0
1752,222989,0,1,0,1,1,1,0,0,0,1,0,1,1,1,1
1753,221958,0,0,0,0,0,0,0,0,0,0,0,0,0,0,0
1754,222168,0,0,0,0,0,0,0,0,0,0,0,0,0,0,1
1755,222619,1,1,1,1,0,0,0,1,1,1,1,1,0,1,1
1756,221820,0,0,1,0,0,0,0,1,0,0,0,0,0,0,0
1757,222896,0,0,0,1,0,1,1,1,0,1,1,1,1,1,1
1758,221531,0,0,0,0,0,0,0,0,0,0,0,0,0,0,0
1759,220043,1,0,1,1,1,0,1,1,1,0,1,1,1,1,1
1760,223038,0,1,0,1,0,0,1,1,1,1,1,1,0,1,1
1761,221912,0,0,0,0,0,0,0,1,0,0,1,0,0,0,1
1762,223952,1,1,1,0,0,1,1,1,1,1,1,1,1,1,1
1763,221558,0,1,1,1,1,0,1,1,1,1,1,1,1,1,1
1764,222071,1,1,1,1,1,1,1,1,1,1,1,1,1,1,1
1765,222083,1,1,0,0,1,0,0,0,0,0,0,0,1,0,1
1766,221140,1,1,1,0,1,1,0,1,0,0,0,0,0,0,0
1767,220001,0,0,0,0,0,0,0,0,0,0,0,1,0,0,1
1768,221933,0,1,1,1,0,1,0,1,1,1,1,1,0,1,1
1769,220405,0,0,0,0,0,0,0,0,0,0,0,0,0,0,0
1770,220140,1,0,0,0,0,0,0,0,0,0,0,0,1,1,0
1771,221165,1,1,1,1,0,0,1,1,1,1,1,1,1,1,1
1772,220133,1,1,1,0,1,1,1,1,1,1,1,1,1,1,1
1773,223603,1,1,1,1,1,1,1,1,1,1,1,1,1,1,1
1774,220145,0,0,0,0,0,0,1,0,0,0,1,1,0,0,0
1775,222667,0,0,0,0,0,0,0,0,0,0,0,0,0,0,0
1776,220503,1,1,0,1,1,1,0,1,1,1,1,1,1,1,1
1777,223820,0,0,1,0,0,0,0,0,0,1,0,0,0,0,0
1778,223500,0,0,0,0,0,1,1,1,0,0,0,1,0,1,1
1779,300000,0,0,1,0,0,0,0,0,0,0,0,0,0,0,0
1780,220229,1,0,1,1,0,0,1,1,1,1,0,1,1,1,1
1781,223387,1,0,0,0,1,1,0,1,0,1,1,1,1,1,1
1782,221574,0,1,1,1,0,0,0,0,1,0,1,0,0,0,0
1783,223751,1,1,1,1,1,0,1,1,1,1,1,1,1,1,1
1784,221240,0,1,0,0,0,1,0,1,1,1,0,1,0,0,1
1785,220225,1,0,0,1,0,1,1,1,0,1,1,1,1,1,1
1786,220605,0,0,0,0,0,0,0,0,0,0,0,0,0,0,1
1787,220707,0,0,0,1,1,0,1,1,0,1,1,1,1,1,1
1788,300000,0,0,0,0,0,0,0,0,1,1,0,1,1,1,1
1789,222061,0,1,0,0,0,0,0,0,0,0,0,1,1,1,1
1790,223391,1,1,0,0,0,0,0,0,0,0,0,0,0,0,0
1791,221115,0,1,1,0,0,1,1,0,0,1,0,1,0,1,0
1792,220146,0,1,0,0,0,0,1,1,1,0,1,1,1,1,1
1793,222957,1,1,1,1,1,1,1,1,1,1,1,1,1,1,1
1794,223628,1,1,1,0,0,1,1,1,1,1,0,1,1,1,1
1795,221348,0,0,0,0,1,1,1,1,1,1,1,1,0,1,1
1796,220692,0,0,0,0,0,0,0,0,0,0,0,0,0,0,0
1797,222322,0,0,0,0,0,0,0,0,0,0,0,0,0,0,0
1798,222516,1,0,0,0,0,0,1,0,1,0,0,0,1,1,1
1799,224025,0,0,0,0,0,0,0,0,0,0,0,0,0,0,0
1800,222382,0,0,1,1,1,1,0,1,1,1,1,1,1,1,1
1801,223410,0,0,0,0,0,1,0,0,0,0,0,1,1,0,0
1802,223171,0,0,0,1,0,0,0,0,0,0,0,0,0,0,0
1803,222560,1,0,0,1,0,1,0,1,1,1,1,0,1,1,1
1804,222819,0,1,1,0,0,0,0,0,0,0,0,0,0,0,0
1805,220814,1,1,0,1,0,1,1,1,1,1,1,1,1,1,1
1806,223284,0,0,0,0,0,0,0,0,0,0,0,0,0,0,0
1807,220569,0,0,0,0,0,0,0,0,0,0,0,0,0,0,0
1808,222588,0,0,0,0,0,1,0,1,1,0,0,1,1,0,0
1809,220318,0,1,1,1,1,0,1,1,1,1,1,1,1,1,1
1810,300000,0,0,0,0,1,0,0,0,0,0,0,0,0,0,0
1811,220538,0,0,0,0,0,0,0,0,0,1,1,1,0,0,1
1812,223344,1,1,1,1,1,1,1,1,0,1,1,1,1,1,1
1813,223659,0,0,1,0,0,0,0,0,0,0,0,0,1,0,0
1814,222130,0,0,0,0,0,0,0,0,1,0,0,0,0,1,1
1815,221677,0,0,0,0,0,0,0,0,0,0,0,0,0,0,0
1816,223513,1,1,0,0,1,0,1,1,0,1,1,1,0,1,1
1817,221062,0,0,0,0,0,1,0,1,0,0,0,0,0,0,1
1818,221707,0,0,0,0,0,0,0,0,0,0,0,0,0,0,0
1819,223941,0,1,1,0,0,0,0,1,1,1,1,1,0,1,1
1820,223777,0,1,1,1,1,0,0,1,1,1,0,1,0,1,1
1821,222808,0,1,1,1,1,0,1,1,1,1,1,1,0,1,1
1822,222647,0,1,0,1,0,1,1,1,1,1,1,1,0,0,1
1823,223596,1,0,1,1,1,1,1,1,0,0,1,1,1,1,1
1824,223715,1,1,1,1,1,1,1,1,0,1,1,1,1,1,1
1825,221561,1,1,1,0,1,0,1,1,0,1,1,1,1,1,1
1826,223903,1,0,1,0,1,1,0,1,0,1,0,1,0,1,1
1827,222574,0,1,0,1,1,1,0,1,1,1,1,1,0,1,1
1828,222148,0,1,1,1,1,0,0,1,0,1,1,1,0,1,1
1829,221033,1,1,1,1,1,0,1,1,1,1,1,1,1,1,1
1830,222630,1,1,1,1,1,1,1,0,0,1,1,1,1,1,1
1831,220891,0,0,0,0,0,0,1,1,1,1,1,1,1,1,1
1832,220014,1,1,0,1,1,1,1,1,1,1,1,1,0,1,1
1833,221850,1,1,1,1,1,1,0,1,1,1,1,1,0,1,1
1834,220476,0,0,1,0,0,0,0,1,1,1,0,1,0,1,1
1835,223414,1,1,1,1,0,1,0,1,1,1,1,1,1,1,1
1836,222213,1,1,0,1,1,1,0,1,1,1,1,1,0,1,1
1837,222651,0,1,1,1,1,1,1,1,1,1,1,1,1,1,1
1838,223000,0,0,0,0,0,0,0,0,0,0,0,0,0,0,0
1839,221616,1,1,1,1,1,1,0,1,1,1,1,1,1,1,1
1840,223849,1,1,1,1,1,0,1,1,1,1,1,1,0,1,1
1841,222668,0,0,0,0,1,0,0,0,0,0,0,0,0,0,0
1842,222005,0,1,0,0,0,0,0,0,0,0,0,0,0,0,0
1843,222435,0,0,1,0,0,1,1,1,0,1,0,1,0,1,1
1844,223651,0,0,1,0,1,0,0,1,1,1,1,1,0,1,1
1845,221753,0,0,0,0,1,0,0,1,1,1,1,1,0,1,1
1846,220777,1,1,0,0,0,0,0,1,1,1,1,0,1,1,1
1847,220136,1,0,1,1,1,1,1,1,1,1,1,1,1,1,1
1848,221749,1,0,1,1,1,1,1,1,1,1,1,1,1,1,1
1849,222181,1,1,1,1,1,0,1,1,1,1,0,1,1,1,1
1850,220656,1,1,0,0,1,1,1,1,1,1,1,1,1,1,1
1851,220547,1,0,0,0,0,1,1,0,0,1,1,1,0,1,1
1852,222640,0,1,0,1,0,1,0,1,1,0,0,1,1,1,1
1853,223195,0,1,1,1,0,1,0,1,1,1,1,1,0,1,1
1854,222817,0,0,1,0,0,0,0,1,1,1,1,1,1,1,1
1855,221250,1,0,1,1,1,0,0,0,1,1,1,1,0,1,1
1856,220723,1,1,1,1,1,1,1,1,1,1,1,1,0,1,1
1857,222894,0,0,0,0,0,0,0,0,0,0,0,0,0,0,0
1858,223704,0,0,0,1,0,1,0,1,0,1,1,1,0,0,1
1859,221234,0,0,0,0,0,0,0,0,0,0,0,1,1,1,1
1860,220099,0,0,0,0,0,0,0,0,0,0,1,0,0,0,1
1861,222017,0,0,0,0,0,0,0,0,0,1,0,0,0,1,0
1862,220009,0,0,0,0,0,0,0,0,0,0,0,0,0,0,0
1863,222669,1,0,1,1,0,0,0,0,1,1,1,1,1,1,1
1864,223671,0,1,1,0,1,1,1,0,1,1,0,1,1,1,1
1865,300000,0,0,0,0,0,0,0,0,0,0,0,0,0,0,0
1866,221048,1,0,0,0,0,1,1,0,0,1,0,1,1,1,1
1867,222670,0,0,0,0,0,0,0,0,0,0,0,0,1,1,0
1868,224045,0,0,0,0,0,0,0,0,0,0,0,0,0,0,0
1869,220830,1,0,0,0,1,0,0,1,0,0,1,1,0,1,1
1870,222080,1,1,1,0,1,1,0,1,1,1,0,1,1,1,1
1871,222890,0,0,0,1,1,0,1,0,1,1,0,1,1,1,1
1872,221650,1,1,1,1,1,0,0,1,1,1,1,0,1,1,1
1873,220198,1,0,1,0,0,0,0,0,0,0,0,0,0,0,0
1874,221950,1,1,1,1,1,1,1,1,1,1,1,1,1,1,1
1875,223553,0,0,0,0,0,0,1,1,0,1,0,1,0,1,1
1876,221710,1,1,0,1,0,1,1,1,0,1,1,1,1,1,1
1877,223039,0,1,0,0,0,0,1,1,1,1,1,1,1,1,1
1878,223815,1,1,1,0,1,1,1,1,1,1,1,1,0,1,1
1879,222467,0,1,1,0,0,1,0,0,1,1,1,1,1,1,1
1880,220430,0,0,0,0,0,0,0,0,0,0,0,0,0,0,0
1881,222487,0,0,0,0,0,0,1,1,0,1,0,0,1,1,1
1882,221584,0,0,0,0,0,0,0,0,0,0,0,0,0,0,0
1883,222679,0,1,0,1,0,0,0,1,1,1,1,1,1,1,1
1884,221020,0,1,1,1,1,0,0,1,1,1,1,1,1,1,1
1885,221423,1,0,0,0,0,0,0,0,0,0,0,0,0,0,0
1886,221237,0,1,0,1,1,0,0,1,0,0,1,0,0,1,1
1887,222246,0,0,0,0,0,0,0,0,0,0,0,0,0,0,0
1888,220012,0,0,0,0,0,0,0,0,0,0,0,0,0,0,0
1889,222121,1,1,1,1,0,0,1,1,0,1,1,1,1,1,1
1890,222431,0,1,0,0,1,0,0,0,1,0,1,0,1,1,1
1891,220590,1,0,1,0,1,1,1,1,1,1,1,1,1,1,1
1892,221359,0,1,0,1,1,0,1,1,1,1,0,1,1,1,1
1893,221603,0,0,0,0,0,0,0,1,1,0,1,0,0,0,0
1894,221711,0,1,1,1,0,0,0,1,1,1,1,1,1,1,1
1895,223081,1,0,0,1,1,1,1,1,0,1,1,1,1,1,1
1896,221540,0,0,1,0,1,0,1,1,1,1,1,1,1,1,1
1897,223656,0,1,1,1,0,0,1,1,1,0,1,1,1,1,1
1898,300000,1,0,0,0,0,1,0,0,0,1,0,1,0,0,0
1899,220226,1,0,0,1,1,1,1,1,0,1,0,1,1,1,1
1900,223728,1,1,1,1,1,1,1,1,1,1,1,1,1,1,1
1901,221575,0,0,0,1,1,1,0,1,0,1,0,1,1,0,0
1902,223351,1,1,1,1,1,0,1,1,1,1,1,1,1,1,1
1903,223629,0,0,0,0,0,0,1,0,0,0,0,0,0,0,0
1904,223141,1,1,0,0,1,1,0,1,1,1,1,1,1,1,1
1905,221962,0,0,0,0,1,0,1,1,1,1,1,1,1,1,1
1906,220929,0,0,0,0,0,0,1,1,0,1,1,0,0,1,1
1907,223644,1,0,0,1,0,0,0,0,0,0,0,0,0,0,0
1908,221949,1,1,1,1,1,1,1,1,1,1,1,1,1,1,1
1909,222390,1,1,1,0,0,0,0,1,0,0,1,0,0,1,1
1910,221245,0,1,1,1,1,0,1,1,1,1,1,1,1,1,1
1911,222673,1,0,0,0,0,1,0,0,0,1,0,0,0,0,0
1912,220838,1,1,0,1,1,0,0,1,1,0,0,1,0,1,1
1913,222621,0,0,0,0,1,0,1,1,1,0,0,1,1,1,1
1914,223032,0,0,0,0,0,0,0,0,0,0,0,0,0,0,0
1915,221516,0,1,0,1,0,0,0,0,0,0,0,0,0,0,0
1916,223699,1,1,1,0,1,1,1,1,1,1,1,1,0,1,1
1917,222928,0,0,0,0,0,0,0,0,0,0,0,0,1,0,0
1918,220701,1,1,0,0,1,1,0,1,1,1,0,1,0,1,1
1919,221482,0,0,0,1,1,1,1,1,0,1,1,1,0,1,1
1920,300000,0,0,0,0,0,0,0,1,0,0,0,0,0,0,0
1921,220155,1,0,1,1,1,0,0,1,1,1,1,1,1,1,1
1922,223547,1,0,0,0,0,0,0,1,0,1,1,1,1,1,0
1923,222011,1,0,1,1,1,1,1,1,0,1,0,0,1,1,1
1924,223428,1,1,1,1,1,1,1,1,1,1,1,1,1,1,1
1925,223321,1,0,1,1,1,0,1,1,1,1,1,1,1,1,1
1926,223887,0,0,0,0,0,0,0,0,0,0,0,0,0,1,0
1927,221091,0,0,0,0,0,0,0,0,0,0,0,0,0,0,0
1928,220361,0,0,0,0,0,0,0,1,1,1,0,0,0,0,0
1929,220564,0,0,0,0,0,0,0,0,0,0,0,0,0,0,0
1930,222444,1,0,0,1,1,1,0,1,0,1,1,1,1,1,1
1931,220532,0,0,0,0,0,0,0,0,0,0,0,0,0,0,0
1932,223210,0,0,1,1,1,1,1,1,1,1,1,1,0,1,1
1933,220601,0,1,0,0,0,0,0,0,0,0,0,0,0,0,0
1934,300000,0,0,0,0,0,0,0,1,0,0,0,0,0,0,0
1935,220395,0,1,1,1,1,1,1,1,1,1,1,1,1,1,1
1936,222616,0,1,0,0,0,0,1,0,0,0,0,0,0,0,0
1937,222238,1,0,1,1,1,1,1,1,1,1,1,1,1,1,1
1938,223245,1,0,1,0,1,1,0,1,0,1,1,1,1,1,1
1939,220726,0,0,0,0,0,0,0,1,0,0,0,0,0,1,1
1940,221944,0,0,0,0,0,0,0,0,0,0,0,0,1,1,1
1941,222597,1,0,0,0,0,0,0,0,0,1,0,0,0,0,0
1942,221154,0,0,0,0,1,0,0,0,0,1,0,1,1,1,1
1943,220221,1,0,0,1,1,0,0,1,0,0,0,0,0,1,0
1944,222522,1,1,0,1,1,1,1,1,1,1,1,1,1,1,1
1945,220452,0,0,0,0,0,1,1,0,0,1,0,1,0,1,1
1946,221993,1,1,0,1,1,0,0,1,1,1,0,1,1,1,1
1947,224004,0,0,1,0,1,1,1,1,1,1,1,1,1,1,1
1948,220262,0,0,0,0,0,0,0,0,0,0,0,0,0,0,0
1949,221278,0,0,0,1,1,1,0,1,0,1,0,1,1,1,1
1950,223713,0,0,0,0,0,1,0,0,1,0,0,0,0,0,0
1951,221343,0,0,0,0,0,0,0,0,0,0,0,1,0,1,0
1952,222173,1,1,1,1,0,1,0,1,0,1,1,1,1,1,1
1953,222571,0,0,0,0,0,0,0,0,0,0,0,0,0,0,0
1954,222112,0,1,0,1,1,1,1,1,0,1,1,1,1,1,1
1955,223180,0,0,0,0,0,0,0,0,0,0,0,0,0,0,0
1956,221742,0,1,0,1,1,0,1,1,0,1,1,1,1,1,1
1957,223748,0,0,0,0,0,0,0,0,0,0,0,0,0,0,0
1958,223576,0,1,1,0,1,0,0,0,0,0,0,0,0,1,0
1959,222309,1,1,1,0,1,0,0,1,0,1,1,1,1,1,1
1960,221878,1,1,1,1,1,1,1,1,0,1,1,0,1,1,1
1961,222932,0,0,1,0,0,1,0,1,0,0,0,0,0,0,0
1962,221256,0,0,0,0,1,0,1,0,0,1,1,1,0,1,1
1963,223631,0,0,0,0,1,0,1,1,1,1,1,1,1,1,1
1964,221244,0,0,0,0,0,1,0,1,0,0,0,0,1,0,1
1965,223951,1,0,0,0,1,0,0,0,1,1,0,0,0,0,0
1966,223150,0,0,0,0,1,1,0,0,0,0,0,0,0,0,0
1967,223854,0,0,0,1,1,1,0,1,1,1,0,1,0,1,1
1968,223758,0,0,0,0,0,0,0,0,0,0,0,0,0,1,1
1969,222042,0,1,0,1,0,0,1,1,1,0,1,0,0,0,1
1970,222886,0,1,0,0,1,0,0,0,0,0,0,0,0,0,0
1971,223104,0,1,0,0,1,1,0,0,1,0,0,0,0,1,1
1972,221772,1,1,0,0,1,0,1,1,1,1,1,1,1,1,1
1973,220215,0,1,1,1,1,1,0,1,1,1,1,1,1,1,1
1974,220171,0,1,1,0,1,0,1,0,1,1,1,1,1,1,0
1975,223594,0,0,0,0,0,1,0,0,0,0,0,0,1,1,1
1976,221731,0,0,0,0,0,1,0,0,0,0,0,0,0,0,0
1977,221537,1,0,1,1,1,1,1,1,1,1,1,1,1,1,1
1978,222727,0,0,0,0,0,1,1,0,0,0,0,0,0,0,0
1979,220212,0,0,0,0,0,0,0,0,0,0,0,0,0,0,1
1980,220150,1,1,1,1,0,0,1,1,0,1,0,1,0,1,1
1981,220474,1,1,1,0,1,1,1,0,0,1,1,1,0,1,0
1982,222757,1,1,0,1,1,0,0,1,1,1,1,1,1,1,1
1983,220072,0,0,0,0,0,0,0,0,1,0,1,1,1,0,1
1984,221012,0,0,1,0,0,0,1,0,0,0,0,0,0,0,1
1985,223730,0,1,0,0,0,0,1,1,1,1,1,1,1,1,1
1986,220521,0,0,0,0,0,1,0,0,0,0,0,0,1,1,1
1987,223231,1,1,1,1,1,1,1,1,1,1,1,1,1,1,1
1988,223392,0,0,0,0,0,0,0,0,0,0,0,0,0,0,0
1989,223975,1,1,0,0,1,0,0,1,1,1,0,1,0,1,1
1990,220560,1,1,0,1,1,1,1,1,1,1,0,1,1,1,1
1991,221057,0,0,1,0,0,0,1,0,0,1,1,1,1,1,1
1992,221463,1,0,0,1,1,1,1,1,1,1,1,1,1,1,1
1993,223590,0,1,1,1,1,0,0,1,1,1,1,1,0,1,1
1994,220802,0,0,0,1,1,0,0,1,1,1,1,1,1,1,1
1995,300000,1,0,1,0,0,0,0,0,0,1,1,1,0,1,1
1996,221915,0,1,1,1,0,1,1,1,1,1,1,1,1,1,1
1997,223493,0,0,0,1,1,0,0,1,1,1,1,1,1,1,1
1998,221769,1,0,0,1,1,1,1,1,1,1,1,1,1,1,1
1999,222671,0,0,0,0,0,0,0,0,0,0,0,0,0,0,0
