query_id,0,1,2,3,4,5,6,7,8,9,10,11,12,13,14
0,0,0,0,0,0,0,0,0,0,0,0,0,0,0,0
1,0,0,0,0,0,0,0,0,0,0,0,0,0,0,0
2,0,0,1,1,1,1,1,1,1,0,1,1,1,1,1
3,1,0,0,0,1,0,0,1,1,1,0,1,1,1,1
4,0,0,0,0,0,0,0,0,0,0,0,0,0,0,1
5,0,0,0,0,0,0,0,0,0,0,0,0,0,0,0
6,0,0,0,0,0,0,0,0,0,0,0,1,1,1,1
7,0,0,0,0,1,0,0,0,0,1,0,0,0,0,1
8,1,1,1,1,1,1,1,1,1,1,1,1,1,1,1
9,0,0,0,0,0,0,1,0,0,0,0,1,1,1,1
10,0,0,0,0,0,0,0,0,0,0,0,0,1,0,0
11,0,0,0,0,0,1,0,0,0,1,0,1,0,0,0
12,1,1,1,1,1,1,1,1,1,1,1,1,1,1,1
13,1,0,0,0,1,1,0,0,1,0,0,0,1,1,0
14,0,0,0,0,0,1,1,0,0,0,0,0,1,0,0
15,0,0,1,0,0,0,1,1,1,1,0,1,1,1,1
16,0,1,0,0,1,1,1,1,1,0,0,1,1,1,1
17,0,0,0,0,0,0,0,0,0,0,0,0,0,0,1
18,0,0,0,0,1,0,1,0,1,0,0,1,1,1,1
19,0,0,0,0,0,0,0,0,0,0,0,0,1,1,0
20,0,0,0,0,0,0,0,0,0,0,0,0,0,0,0
21,0,0,0,1,0,0,0,1,1,0,1,1,1,1,1
22,0,0,0,0,0,0,0,0,0,0,0,0,0,0,0
23,0,0,0,1,0,0,0,0,1,0,0,0,0,0,1
24,0,0,0,1,1,0,1,0,1,0,0,1,1,0,0
25,0,0,0,1,0,0,0,0,0,0,0,0,1,0,0
26,0,0,0,0,0,0,0,0,0,1,0,0,0,0,0
27,1,0,0,0,0,1,1,1,1,1,0,1,1,1,1
28,0,0,0,0,0,0,0,0,0,0,0,0,0,0,0
29,1,1,1,0,1,1,1,0,1,1,0,1,0,1,1
30,0,0,1,0,1,1,1,0,1,1,1,1,1,1,1
31,0,0,0,0,0,0,0,0,0,0,0,0,0,0,1
32,0,0,0,0,1,0,0,0,0,0,0,0,0,1,1
33,0,0,0,0,0,1,1,1,0,0,0,1,1,1,0
34,1,1,1,1,1,1,0,0,1,1,0,0,1,0,1
35,0,0,0,1,1,0,1,0,1,0,0,0,1,0,1
36,1,0,1,0,1,1,1,0,1,1,1,1,1,1,1
37,0,1,1,0,1,1,1,1,1,1,0,1,1,0,1
38,0,0,0,1,1,0,0,1,1,1,1,1,1,1,1
39,0,0,0,1,1,1,1,1,1,1,1,1,1,1,1
40,0,0,0,1,1,1,1,1,1,1,0,1,1,1,1
41,1,0,0,0,0,0,0,1,1,1,0,0,0,1,1
42,0,0,0,0,0,0,0,0,0,0,0,0,0,0,0
43,0,0,0,0,0,0,0,0,0,0,0,0,0,0,1
44,1,0,0,0,0,0,0,0,0,0,0,0,1,1,1
45,0,0,0,0,0,0,0,0,0,0,0,1,1,1,1
46,1,1,1,1,1,1,0,1,1,0,1,1,0,0,1
47,0,0,0,0,0,1,0,0,1,0,0,0,0,0,0
48,1,1,1,1,1,1,1,1,1,0,1,1,0,1,1
49,0,0,0,0,0,0,0,0,0,0,0,0,0,0,0
50,0,0,0,0,0,0,0,0,0,0,0,0,0,1,1
51,0,1,1,1,1,1,1,1,1,1,1,1,1,1,1
52,0,0,0,0,0,0,0,0,1,0,0,0,0,0,1
53,0,0,0,0,0,0,0,0,0,0,0,0,0,0,0
54,0,0,0,0,1,1,1,1,1,1,0,1,1,1,1
55,1,0,1,0,1,0,0,0,0,1,0,0,0,0,0
56,1,1,1,1,1,1,1,1,1,1,1,1,1,1,1
57,0,0,0,0,0,0,0,0,0,0,1,0,0,1,1
58,1,1,0,0,0,0,1,1,1,0,1,0,0,0,0
59,0,1,0,0,1,0,1,1,1,0,0,1,1,1,1
60,0,1,0,1,1,1,1,1,1,1,0,1,1,1,1
61,0,0,0,0,0,0,0,0,0,0,0,0,0,0,1
62,0,0,0,0,0,0,0,0,0,0,0,0,0,0,1
63,0,0,0,0,0,0,0,1,1,0,0,0,0,0,1
64,1,1,0,1,1,1,0,0,1,1,1,1,1,1,0
65,0,0,0,0,0,0,0,0,0,0,0,0,0,0,0
66,1,0,0,0,0,0,0,0,0,0,0,0,0,1,0
67,0,0,0,0,0,0,0,0,0,0,0,0,0,0,0
68,0,0,1,0,0,0,0,0,0,0,0,0,0,0,0
69,0,0,0,0,0,0,0,0,0,0,0,0,0,1,1
70,0,0,0,0,0,0,0,0,0,0,0,0,0,0,0
71,0,0,1,0,0,1,1,1,1,0,1,1,1,0,1
72,1,0,1,1,1,1,1,1,1,1,0,1,1,1,1
73,0,0,0,0,0,0,0,0,0,0,0,0,1,0,0
74,1,1,1,1,1,1,1,1,1,1,1,1,1,1,1
75,0,0,0,0,0,0,1,1,0,0,1,1,1,1,1
76,0,0,0,1,1,0,1,0,0,0,0,1,1,1,1
77,1,1,0,1,1,1,0,1,1,1,0,0,1,1,0
78,1,1,0,1,0,1,0,0,1,1,1,1,1,1,1
79,0,0,0,0,0,0,0,0,0,0,0,0,0,0,0
80,0,0,0,0,0,0,0,0,0,0,0,0,0,0,0
81,0,0,1,0,0,0,1,0,1,1,1,1,1,1,1
82,0,0,0,0,0,0,0,0,0,0,0,0,0,0,0
83,0,1,1,0,1,1,1,1,1,1,1,1,1,1,1
84,0,0,0,0,0,0,0,0,1,0,0,1,0,0,1
85,1,0,0,0,1,1,0,0,1,1,0,1,1,1,1
86,0,0,0,0,1,1,1,1,1,1,1,1,1,1,1
87,0,0,0,0,1,0,0,0,0,0,0,0,0,1,1
88,0,0,0,0,0,0,1,1,1,1,0,1,1,1,1
89,0,0,0,0,0,0,1,1,0,0,0,1,1,0,0
90,1,1,1,1,1,1,1,1,1,1,1,1,1,1,1
91,0,0,0,0,0,0,0,0,0,0,0,0,1,1,1
92,0,0,0,0,1,0,0,0,0,0,0,0,0,1,1
93,0,0,1,1,1,1,0,1,1,0,0,1,1,1,1
94,0,0,0,0,0,1,1,0,1,0,1,1,0,1,1
95,1,0,0,1,0,0,0,0,0,0,0,0,1,0,0
96,1,0,1,1,1,1,1,1,1,1,1,1,1,1,1
97,0,0,0,0,0,0,0,0,0,0,0,0,0,0,0
98,0,0,0,0,1,0,1,0,1,0,0,1,1,1,1
99,0,0,0,0,0,0,0,0,0,0,0,0,0,0,1
100,0,0,0,0,0,1,1,1,1,0,0,1,1,1,1
101,0,0,0,0,0,0,0,0,0,0,0,0,0,0,0
102,1,1,1,1,1,1,1,0,0,0,1,1,0,1,1
103,1,1,1,1,1,1,1,1,1,1,1,1,1,1,1
104,1,1,1,1,1,1,1,1,1,1,1,1,1,1,1
105,0,0,0,0,0,0,0,0,0,0,0,0,0,0,0
106,0,0,1,0,0,0,1,0,1,0,1,1,1,1,1
107,0,0,0,0,0,0,0,0,0,0,0,1,0,0,0
108,0,0,0,0,0,0,0,0,1,0,0,0,1,1,1
109,0,0,0,0,1,0,1,0,1,1,0,1,1,1,1
110,0,1,0,1,1,0,0,1,0,0,0,0,1,1,0
111,0,0,0,0,0,0,0,1,1,0,1,1,1,1,1
112,0,0,0,0,0,0,0,0,0,0,0,0,0,0,0
113,0,1,0,1,1,1,1,1,1,1,1,1,1,1,1
114,0,0,1,1,1,1,1,1,1,1,1,1,1,1,1
115,0,0,1,0,0,0,0,0,0,0,0,0,0,0,1
116,0,0,0,0,0,0,0,0,1,0,0,0,0,0,0
117,0,0,0,0,0,0,0,0,1,0,0,1,0,0,1
118,0,0,0,0,0,0,1,0,1,0,0,1,1,0,1
119,0,0,0,0,0,0,0,0,0,0,0,0,0,1,1
120,0,0,0,1,1,0,1,1,1,1,1,1,1,1,1
121,0,0,0,1,1,1,1,1,1,1,0,1,1,1,1
122,0,0,1,1,1,1,1,1,1,1,1,1,1,1,1
123,0,0,0,0,0,0,0,0,0,0,0,0,0,0,0
124,0,0,0,0,1,0,1,0,1,0,0,0,0,1,1
125,0,1,1,0,0,0,0,0,0,0,0,0,1,0,1
126,0,0,0,0,0,1,0,0,0,0,0,0,0,0,1
127,0,0,0,0,0,0,0,0,0,0,0,0,0,0,1
128,1,1,0,0,0,0,0,0,0,0,0,0,0,0,1
129,0,0,1,0,0,1,1,0,1,1,0,1,0,1,1
130,0,0,0,0,0,0,1,0,0,0,0,0,1,1,1
131,1,0,1,0,0,1,1,0,0,0,0,1,1,1,0
132,0,0,0,0,0,0,0,0,0,0,0,0,0,0,1
133,0,0,0,0,0,0,0,0,0,0,0,1,0,0,1
134,0,0,0,0,1,1,1,0,1,0,0,1,1,1,1
135,0,0,0,0,0,0,0,0,0,1,0,0,0,1,1
136,0,0,0,0,0,0,0,1,0,1,0,1,0,0,0
137,0,0,0,0,0,0,0,0,0,0,0,0,0,0,0
138,1,0,1,0,0,1,1,1,1,1,1,1,1,1,1
139,0,0,0,0,0,0,0,0,1,0,0,1,1,1,1
140,0,0,0,0,0,0,0,0,0,0,0,0,0,0,1
141,0,0,0,0,0,0,0,0,0,0,0,0,0,0,0
142,0,0,0,0,0,0,0,0,0,0,0,0,0,0,1
143,1,0,0,1,1,1,1,1,1,0,1,1,1,1,1
144,0,1,1,0,1,1,1,0,1,0,1,0,1,0,1
145,0,1,1,0,1,0,0,0,1,0,0,1,1,0,1
146,0,0,0,0,0,0,0,0,0,0,0,0,0,0,1
147,0,0,0,0,0,0,0,0,0,0,0,1,0,0,1
148,0,0,0,0,0,0,0,0,0,1,0,1,1,1,1
149,1,1,1,1,1,1,1,1,1,1,0,1,1,1,1
150,0,0,0,0,0,0,0,0,0,0,0,0,0,0,0
151,0,0,0,0,0,0,0,0,0,0,0,0,0,0,0
152,0,0,0,0,0,0,1,1,1,1,0,1,1,1,1
153,0,1,0,0,1,0,1,0,1,0,0,1,1,1,1
154,0,0,0,0,0,0,0,0,0,0,0,0,0,0,0
155,0,0,0,0,0,0,0,0,0,1,0,0,0,0,0
156,0,0,0,0,0,0,1,0,0,0,0,1,1,0,0
157,0,0,0,0,1,0,0,1,1,1,0,1,1,1,1
158,0,0,0,0,0,0,0,0,0,0,0,0,0,0,0
159,0,0,0,0,0,0,0,0,0,1,0,0,0,0,0
160,0,0,0,0,0,0,0,0,0,0,0,0,0,0,0
161,1,0,1,0,1,1,1,1,1,1,1,1,1,1,1
162,0,0,0,0,0,0,0,0,0,0,0,0,0,0,0
163,0,0,0,0,0,0,0,0,0,0,0,0,0,0,1
164,0,0,0,1,1,0,1,1,1,0,0,1,1,1,1
165,0,0,1,1,1,0,1,1,1,1,1,1,1,1,1
166,0,0,0,0,1,1,0,0,0,1,0,0,0,1,1
167,1,1,1,0,1,1,0,1,1,1,1,1,1,1,1
168,0,0,0,0,0,0,0,1,0,0,0,1,0,0,1
169,0,0,0,0,0,0,0,0,0,0,0,0,0,0,0
170,0,0,0,1,1,1,0,1,1,1,0,1,1,1,1
171,0,0,0,1,1,1,0,0,0,0,0,0,0,0,0
172,0,0,0,0,0,0,0,0,0,0,0,0,0,0,1
173,1,0,0,1,1,0,1,0,0,1,1,1,1,1,0
174,0,0,0,0,1,1,1,0,0,1,0,1,1,1,0
175,0,0,0,0,0,0,0,0,0,0,0,0,0,0,1
176,0,0,1,1,1,1,1,1,1,1,0,1,1,1,1
177,0,0,0,0,0,0,0,0,0,0,0,0,0,0,0
178,0,0,0,0,0,0,0,0,0,0,0,0,0,0,0
179,0,0,0,0,0,0,0,0,0,0,0,0,0,0,0
180,0,0,0,0,0,0,0,0,0,0,0,0,0,1,1
181,0,0,0,0,0,0,0,0,0,0,0,0,0,0,0
182,0,0,0,0,0,0,1,0,1,0,0,0,1,1,1
183,0,0,1,0,1,1,1,1,1,1,1,1,1,0,1
184,0,0,0,0,0,0,0,0,0,0,0,0,0,0,0
185,0,0,1,1,1,1,1,1,1,1,1,1,1,1,0
186,1,0,1,1,1,1,1,1,0,0,0,1,1,1,1
187,1,0,0,0,0,0,1,0,0,0,0,0,0,0,0
188,1,0,0,0,0,0,0,0,0,0,0,0,0,0,0
189,0,0,0,0,0,0,0,0,0,0,0,0,0,0,0
190,0,0,0,0,0,0,0,0,0,0,0,0,0,0,0
191,0,0,0,0,0,0,0,0,1,0,0,1,1,0,0
192,0,0,0,0,0,0,0,0,0,0,0,0,0,0,0
193,1,0,1,1,1,1,1,1,1,0,1,1,1,1,1
194,0,0,0,0,0,0,0,1,0,0,0,0,0,0,1
195,0,0,0,1,0,0,1,1,1,0,1,1,0,1,1
196,0,0,0,0,1,0,0,0,1,0,1,0,0,0,0
197,0,0,1,0,1,0,0,0,0,1,0,0,1,0,0
198,0,0,0,1,0,0,1,1,1,1,1,1,1,1,1
199,0,0,0,0,0,0,0,0,0,0,0,0,1,0,0
200,0,0,0,0,1,0,0,1,0,1,0,1,1,1,0
201,0,0,0,0,0,0,0,0,0,0,0,0,0,0,1
202,1,1,1,0,1,1,1,1,1,1,1,1,1,1,1
203,0,1,0,0,1,1,1,0,1,0,0,1,0,1,1
204,0,0,0,0,0,0,0,0,0,0,0,0,1,1,0
205,0,0,0,0,0,0,0,0,0,0,0,0,0,0,0
206,0,0,0,0,0,0,0,0,0,0,0,0,0,0,0
207,0,0,0,0,0,0,0,0,0,0,0,0,0,0,0
208,1,0,1,1,1,1,1,1,1,1,1,1,1,1,1
209,0,0,0,0,0,0,0,0,0,0,0,0,0,0,0
210,0,0,0,0,0,0,0,0,0,0,0,0,0,0,1
211,0,1,1,1,1,1,1,1,1,1,1,1,1,1,1
212,0,0,0,0,0,0,0,0,0,0,0,0,0,0,0
213,0,0,0,0,1,0,0,0,1,0,0,0,1,0,1
214,0,0,0,1,0,0,1,0,1,0,0,1,1,1,1
215,0,0,0,1,1,0,1,0,1,0,1,1,0,1,1
216,0,0,1,0,1,1,1,0,1,1,1,1,1,1,1
217,0,0,0,1,1,1,1,1,1,1,1,1,1,1,1
218,0,0,0,0,0,0,0,0,0,0,0,0,0,0,1
219,0,0,0,0,0,0,0,0,0,0,0,0,0,0,0
220,0,0,1,0,1,0,1,0,0,1,1,1,1,1,1
221,1,1,1,1,1,1,1,1,1,1,1,1,1,1,1
222,0,0,0,0,0,0,1,0,1,1,0,1,1,1,1
223,0,0,0,0,0,0,0,1,1,0,0,0,1,1,0
224,1,1,1,1,1,1,1,1,1,0,1,1,1,1,1
225,0,0,0,0,1,0,1,0,1,0,0,0,1,1,1
226,0,0,0,0,0,0,0,0,1,0,0,0,0,0,1
227,1,1,0,1,1,1,1,0,1,1,1,0,1,0,1
228,0,0,0,0,0,0,0,0,0,0,0,0,0,0,0
229,0,0,0,0,0,0,0,0,1,0,0,0,1,0,0
230,0,0,0,1,1,0,1,0,1,0,0,0,1,1,1
231,1,0,1,0,1,1,0,0,1,0,1,0,0,1,1
232,0,0,0,0,0,0,0,0,0,0,0,0,0,0,0
233,0,0,0,0,0,0,0,0,0,0,0,0,0,0,0
234,0,0,0,0,0,0,0,0,0,0,0,0,0,0,0
235,0,0,0,1,1,1,0,1,1,0,0,1,1,1,1
236,0,0,0,0,1,0,0,0,0,1,0,1,1,1,1
237,1,0,1,0,1,1,1,1,1,1,1,1,1,1,1
238,1,1,1,1,1,1,1,1,1,1,1,1,1,1,1
239,0,0,0,0,1,0,1,1,1,0,0,1,1,1,1
240,1,1,1,1,1,1,1,1,0,1,1,0,1,1,1
241,0,0,1,0,0,0,1,0,0,1,0,1,1,1,1
242,0,0,0,0,0,0,0,0,0,0,0,0,1,0,1
243,0,0,0,0,1,0,0,0,0,0,0,0,0,0,0
244,0,0,0,0,0,0,0,0,0,0,0,0,0,0,0
245,0,0,0,0,0,0,1,0,1,0,0,0,0,0,1
246,0,0,1,0,0,0,0,0,0,0,1,1,0,1,0
247,0,0,0,0,0,0,0,0,0,0,0,0,0,0,0
248,0,0,0,0,0,1,0,0,1,0,1,1,1,1,1
249,0,0,0,0,0,0,0,0,0,0,0,0,0,0,0
250,0,0,0,0,1,0,0,0,1,0,0,0,0,1,1
251,0,0,0,0,1,0,1,1,1,0,0,1,1,0,1
252,1,0,1,0,0,1,0,0,1,0,1,0,1,1,1
253,0,0,0,0,0,0,0,0,0,0,0,0,0,0,0
254,0,0,0,0,0,0,0,0,0,0,0,0,1,1,0
255,0,0,0,0,0,0,0,0,0,0,0,0,0,1,1
256,0,0,0,0,0,1,0,0,0,0,0,0,0,0,0
257,0,1,1,0,1,1,0,1,1,1,1,1,1,1,1
258,0,0,0,0,0,0,0,0,0,0,0,0,0,0,0
259,0,0,1,1,1,0,1,1,1,1,1,1,1,1,1
260,0,0,0,0,1,0,0,0,1,0,0,1,1,0,1
261,0,0,0,0,0,1,0,1,0,0,0,1,1,1,1
262,0,0,0,1,1,0,1,1,1,1,0,1,1,1,1
263,0,1,1,0,1,1,1,0,1,1,0,1,1,1,1
264,0,0,0,0,0,0,0,0,0,0,0,0,0,0,1
265,0,0,0,0,0,0,0,0,0,1,0,0,0,1,1
266,0,0,0,1,1,0,1,1,1,1,1,1,1,1,1
267,0,1,1,1,1,0,1,1,1,1,1,0,1,1,1
268,1,1,1,1,1,1,1,1,1,1,1,1,1,1,1
269,0,0,0,0,0,0,0,0,0,0,0,0,0,0,0
270,0,0,0,0,0,0,0,0,0,0,0,0,0,0,1
271,0,0,0,0,0,0,0,0,1,0,0,0,0,0,0
272,0,0,0,0,1,1,0,1,1,0,1,1,0,0,0
273,1,1,0,0,1,1,1,1,1,1,0,1,1,1,1
274,0,0,0,0,0,0,1,0,0,0,0,0,0,0,0
275,1,1,0,0,1,1,1,1,1,1,1,1,1,1,1
276,1,1,0,0,0,1,0,1,1,0,1,1,1,1,1
277,0,0,0,1,1,1,1,0,1,0,1,1,1,0,1
278,0,1,0,0,0,1,0,0,1,0,0,0,0,0,0
279,0,0,0,0,0,0,0,0,0,0,0,0,0,0,0
280,0,0,0,0,1,0,0,1,1,1,0,1,1,1,1
281,0,1,0,0,1,0,0,0,0,0,0,0,0,0,1
282,0,0,0,0,0,0,0,0,0,0,1,0,1,1,0
283,1,1,1,0,1,1,0,1,1,0,0,1,1,1,1
284,0,0,0,0,0,0,0,0,1,0,0,0,1,1,1
285,0,1,1,1,1,0,1,1,1,0,0,1,1,1,1
286,0,0,1,0,1,0,1,1,1,0,1,0,1,1,0
287,0,0,0,0,0,0,0,0,1,0,0,1,0,0,1
288,0,0,0,0,0,0,0,0,0,0,0,0,0,0,0
289,0,0,0,0,0,0,0,0,0,0,0,0,0,0,0
290,0,0,0,0,0,0,1,0,1,0,0,0,1,1,1
291,0,1,0,1,1,1,0,1,1,1,0,1,1,1,1
292,0,1,0,0,1,1,1,0,1,0,1,1,1,0,1
293,0,0,0,0,0,0,1,0,0,1,0,0,0,0,0
294,0,0,0,0,1,0,0,0,1,0,0,0,0,1,1
295,0,0,0,0,0,0,0,0,0,0,0,0,0,0,1
296,0,0,0,1,1,0,0,0,1,1,0,1,0,1,1
297,0,1,0,0,1,0,0,0,0,0,0,0,0,0,1
298,1,1,1,1,1,1,0,1,1,0,1,1,1,1,1
299,0,1,0,1,1,1,1,1,1,1,1,1,1,1,1
300,0,0,0,0,0,0,1,1,1,0,0,1,0,1,0
301,0,0,0,1,1,1,0,1,1,1,1,1,1,1,1
302,0,0,0,0,0,0,0,0,0,0,0,0,0,0,0
303,0,0,1,1,1,1,1,1,1,1,0,1,1,1,1
304,0,0,0,0,0,0,0,0,0,0,0,0,0,0,0
305,0,0,0,1,1,1,1,1,1,1,0,1,1,1,1
306,0,0,0,0,0,0,0,0,0,0,0,1,0,1,1
307,0,0,1,1,0,0,1,1,1,0,0,1,1,1,1
308,0,0,0,0,0,0,0,0,0,0,0,0,0,0,0
309,0,0,0,0,0,0,0,0,0,0,1,0,0,0,0
310,0,0,0,1,0,0,0,1,0,0,1,1,1,0,1
311,1,1,0,0,1,1,0,0,1,0,1,1,1,1,1
312,0,0,0,0,0,0,0,0,1,0,0,0,0,0,1
313,0,0,0,0,0,0,0,0,0,0,0,0,0,0,0
314,0,0,0,0,0,0,0,0,0,0,0,0,0,0,0
315,0,0,0,0,0,0,0,0,0,0,0,0,0,0,0
316,0,0,0,0,0,0,0,0,0,0,0,0,0,0,0
317,0,0,0,0,0,0,0,0,0,0,0,0,0,0,0
318,0,0,0,0,0,0,0,0,1,0,0,0,1,0,1
319,0,0,0,0,1,0,1,1,1,1,1,1,1,1,1
320,0,0,0,0,0,0,0,0,0,0,0,0,0,0,0
321,0,0,0,0,0,1,0,0,0,0,1,0,0,0,0
322,0,0,0,1,0,0,0,1,0,0,0,0,1,1,0
323,0,1,1,1,1,1,1,1,0,1,1,1,1,1,1
324,0,0,0,0,0,0,0,0,0,0,0,0,0,0,0
325,1,1,0,0,1,0,0,1,0,1,0,1,0,0,0
326,0,0,0,0,0,0,0,0,0,0,0,0,0,0,0
327,0,0,0,0,1,0,0,0,1,0,0,0,0,0,0
328,0,0,0,0,1,0,0,0,1,0,0,1,1,1,1
329,0,0,0,0,0,0,0,0,0,0,0,0,0,0,0
330,0,0,0,0,0,0,0,0,1,0,0,0,0,0,0
331,1,1,1,1,1,1,1,1,1,1,1,1,1,1,1
332,0,0,0,0,0,0,0,1,1,0,0,1,1,1,1
333,1,0,0,0,1,1,0,1,1,0,1,1,0,1,1
334,0,0,0,0,0,1,1,1,1,1,0,1,1,0,1
335,0,0,1,0,0,0,0,0,0,0,0,0,0,0,0
336,0,0,0,0,0,0,0,0,0,0,0,0,0,0,0
337,0,0,0,0,0,0,0,0,0,0,0,0,0,0,0
338,0,0,0,0,0,0,0,0,0,0,0,0,1,0,0
339,0,0,0,0,0,0,0,0,0,0,1,0,0,1,1
340,0,0,0,0,0,0,0,0,0,0,1,1,0,1,1
341,0,0,1,1,1,1,1,1,0,0,1,1,1,1,1
342,0,0,0,0,0,1,1,0,0,1,0,0,1,1,0
343,0,0,0,0,0,1,0,0,0,0,0,0,0,1,1
344,1,1,1,1,1,1,1,1,1,1,1,1,1,1,1
345,0,0,0,0,0,0,0,0,0,0,0,0,0,0,0
346,0,0,0,0,0,0,0,0,0,0,0,0,0,0,0
347,0,0,1,1,0,0,0,0,0,1,1,0,0,0,0
348,0,0,0,0,0,0,0,0,0,0,0,0,0,0,0
349,0,0,0,0,0,0,1,0,0,0,0,0,0,0,0
350,0,1,1,1,1,1,1,1,1,1,0,1,1,1,1
351,0,0,0,0,0,0,0,0,0,0,0,0,0,0,0
352,0,1,0,0,1,1,1,1,1,1,1,1,1,1,1
353,0,0,0,1,0,0,0,1,0,1,0,0,0,1,1
354,1,0,1,0,1,1,1,1,1,1,0,1,1,1,1
355,0,0,0,0,1,0,1,0,1,1,1,1,1,1,1
356,0,0,0,0,0,0,0,0,1,0,0,1,1,0,1
357,0,0,0,0,0,0,0,0,0,0,0,0,0,0,0
358,0,1,1,1,1,0,1,1,1,1,1,1,1,1,1
359,0,0,0,0,1,0,1,1,1,0,0,1,1,1,1
360,0,0,0,0,0,0,0,0,0,0,0,0,0,0,0
361,1,0,0,0,0,0,0,0,0,0,0,0,0,1,1
362,0,0,0,0,1,0,0,0,1,0,0,0,0,1,1
363,1,1,1,1,1,0,1,1,1,1,1,1,1,1,1
364,0,0,0,0,0,0,0,0,1,0,1,0,0,1,1
365,0,0,0,0,0,0,0,0,0,0,0,0,0,0,0
366,0,0,1,0,0,0,0,1,1,0,0,0,0,1,1
367,0,0,0,0,0,0,0,0,0,0,0,0,0,0,0
368,1,1,0,1,1,1,1,1,1,0,1,1,1,1,1
369,0,0,0,0,1,0,1,0,1,1,0,1,1,0,1
370,0,0,0,1,1,1,1,0,1,1,1,1,1,1,1
371,0,1,1,1,1,1,1,1,1,1,0,1,1,1,1
372,0,0,0,0,0,0,0,0,0,0,0,1,0,0,1
373,0,0,0,1,0,0,1,1,0,1,0,1,0,1,0
374,0,0,0,0,1,0,0,0,1,0,1,1,1,0,1
375,0,1,0,1,0,0,0,1,1,1,0,0,1,1,1
376,0,0,0,0,0,0,0,0,0,0,0,0,0,1,1
377,0,0,1,0,0,1,0,0,0,0,1,1,1,0,0
378,0,0,0,0,0,0,0,0,0,0,0,0,0,0,1
379,0,0,0,0,0,0,0,0,0,0,0,0,0,0,0
380,1,1,1,1,1,1,1,1,1,1,0,1,1,1,1
381,0,0,0,0,0,0,0,0,0,0,0,1,0,1,1
382,0,0,0,0,0,0,0,0,0,0,0,0,0,0,0
383,0,0,0,0,0,0,0,0,0,0,0,0,0,0,0
384,1,1,1,1,1,0,1,1,1,0,1,1,1,1,1
385,0,0,0,0,0,0,0,0,0,0,0,0,0,0,1
386,0,0,0,0,0,0,0,0,0,0,0,0,0,0,0
387,1,1,1,1,1,1,1,1,1,1,1,1,1,1,1
388,0,0,0,0,0,0,0,0,0,0,0,0,1,1,0
389,0,0,0,0,0,0,0,0,0,0,0,0,0,0,1
390,1,1,1,1,1,1,1,1,1,1,1,1,1,1,1
391,0,0,0,0,1,0,0,0,1,0,1,0,0,0,1
392,0,1,0,0,1,1,0,0,1,1,1,1,1,1,1
393,1,1,1,1,1,1,1,1,1,1,1,1,1,1,1
394,0,0,0,0,0,0,0,0,0,0,0,0,0,0,1
395,0,0,1,1,1,1,1,1,1,1,1,1,1,1,1
396,0,0,0,0,1,0,0,0,0,0,0,1,1,1,1
397,0,0,0,0,0,0,0,0,1,0,1,1,1,1,1
398,0,0,0,0,0,0,0,0,0,0,0,0,0,0,0
399,0,1,1,1,1,1,1,1,1,1,1,1,1,1,0
400,1,1,1,1,1,0,1,0,1,0,0,1,1,1,1
401,0,0,1,1,1,0,1,1,1,0,1,1,1,1,1
402,0,0,0,0,0,0,0,0,0,0,0,1,0,1,1
403,1,0,1,1,1,1,1,1,1,1,1,1,1,1,1
404,1,0,0,0,0,0,0,1,1,1,1,1,0,1,1
405,0,0,0,0,0,0,0,0,0,0,0,1,0,1,1
406,0,0,0,0,1,0,0,0,1,0,0,0,1,1,1
407,0,0,1,1,1,1,0,1,1,0,1,1,1,1,1
408,1,0,1,0,0,0,0,0,0,0,0,0,0,1,1
409,0,0,0,0,0,0,0,0,0,0,0,0,0,1,0
410,0,0,0,0,0,1,0,0,0,0,0,0,0,0,1
411,0,0,0,0,0,0,0,0,0,0,0,0,0,0,0
412,1,1,0,0,0,0,0,0,0,0,0,0,0,0,0
413,0,0,0,0,0,0,0,0,0,0,0,0,0,0,0
414,1,1,1,1,1,1,1,0,1,1,0,1,0,1,1
415,0,0,0,0,0,0,0,0,0,0,0,0,0,0,0
416,0,0,0,0,0,0,0,0,0,0,0,0,0,0,1
417,0,0,0,1,1,0,0,0,1,0,0,1,1,0,1
418,0,0,0,0,0,0,0,0,0,0,0,0,0,0,1
419,0,1,1,1,1,1,1,1,1,1,1,1,0,1,1
420,0,0,1,1,1,0,0,0,1,1,0,1,1,1,1
421,0,0,0,0,0,0,0,0,0,0,0,0,0,0,0
422,0,0,1,1,1,1,1,0,0,1,1,1,1,1,1
423,0,0,0,1,1,0,0,1,1,0,0,1,1,0,1
424,1,1,0,1,1,1,1,1,1,1,1,1,1,1,1
425,0,0,0,0,0,0,1,0,1,0,1,1,1,1,1
426,0,0,0,0,0,0,0,0,0,0,0,1,1,1,1
427,0,0,0,0,0,0,0,0,0,0,0,0,0,0,0
428,0,0,0,0,0,0,0,0,0,0,0,0,0,0,0
429,1,0,0,1,1,1,1,1,1,1,1,1,1,1,1
430,0,0,0,0,1,0,1,1,1,1,0,1,1,1,1
431,0,0,1,0,1,1,0,1,1,0,1,1,1,1,1
432,0,1,1,0,1,0,1,0,1,1,1,1,1,1,0
433,0,0,0,0,0,0,0,0,1,0,0,0,0,0,0
434,0,0,0,0,0,0,0,0,0,0,0,0,0,0,0
435,0,0,0,0,0,0,0,0,0,0,0,0,0,0,1
436,1,0,0,0,0,0,0,0,0,0,0,0,0,0,0
437,0,0,0,0,0,0,0,0,0,0,1,0,1,1,1
438,0,0,0,0,0,0,0,0,0,0,0,0,0,0,0
439,0,0,0,0,0,1,0,0,0,0,0,0,0,0,0
440,1,1,0,0,0,0,0,0,0,0,0,0,0,1,1
441,0,1,0,1,1,1,1,0,1,1,0,1,1,1,1
442,0,0,0,0,0,0,0,1,1,1,0,0,1,1,1
443,1,1,1,1,1,1,1,0,1,1,1,1,1,1,1
444,0,1,0,0,0,0,0,1,0,0,0,0,0,0,0
445,0,0,0,0,0,0,0,0,0,0,0,0,0,0,0
446,0,0,0,0,1,1,0,0,1,1,1,1,0,1,1
447,0,0,0,0,0,0,0,0,0,0,0,0,0,0,0
448,0,0,0,0,0,0,0,0,0,0,0,0,0,0,0
449,0,0,0,0,0,0,0,0,0,0,0,0,1,0,0
450,0,0,0,0,0,0,0,0,0,0,0,0,0,0,0
451,0,0,0,0,0,0,0,0,0,0,0,0,0,0,0
452,0,0,0,0,0,0,0,0,0,0,0,0,0,0,0
453,0,0,0,0,0,0,0,0,0,0,0,1,1,0,0
454,0,0,0,0,0,0,1,0,0,0,0,1,1,1,1
455,0,0,0,0,1,0,0,0,0,0,0,0,0,1,1
456,0,0,0,0,0,0,0,0,0,0,0,0,0,0,0
457,0,0,0,1,0,0,0,0,0,1,0,0,1,1,0
458,0,0,0,0,0,0,0,0,0,0,0,0,0,0,0
459,1,0,1,0,0,1,0,0,0,0,0,0,1,0,0
460,0,0,0,0,1,0,0,1,0,0,0,1,1,1,0
461,0,0,0,0,0,0,0,0,0,0,0,0,0,0,0
462,0,0,0,0,0,0,0,1,1,0,0,0,1,1,1
463,0,1,0,1,0,1,1,0,1,1,0,1,1,1,0
464,1,0,1,1,1,1,1,1,1,1,1,1,1,1,1
465,0,0,0,0,0,0,0,0,0,0,0,0,0,0,0
466,0,0,0,0,0,0,0,0,0,0,0,0,0,0,0
467,0,0,0,0,0,0,0,0,0,0,0,0,0,0,0
468,0,0,0,0,1,1,0,0,1,1,0,1,1,1,1
469,0,0,1,0,1,1,1,0,1,0,1,1,1,1,1
470,1,1,1,1,1,1,1,1,1,1,1,1,1,1,1
471,0,0,1,1,1,1,1,1,0,1,1,1,1,1,1
472,0,0,1,0,1,1,1,0,0,0,0,1,1,0,0
473,0,0,0,0,0,0,0,0,0,0,0,0,0,0,0
474,1,1,0,1,0,0,1,1,1,1,1,1,1,1,1
475,0,0,0,0,0,0,0,0,0,0,0,0,0,0,0
476,0,0,0,0,0,1,1,1,1,1,0,1,1,1,1
477,0,0,0,0,1,0,0,0,1,1,0,1,1,1,1
478,0,0,0,0,0,0,1,1,1,0,0,1,1,0,0
479,0,0,0,0,0,0,0,0,0,0,0,0,1,1,1
480,0,0,0,0,0,0,0,0,0,0,0,1,1,1,1
481,0,0,0,0,0,0,0,0,0,0,0,0,0,0,0
482,0,0,1,0,1,0,1,1,1,0,0,1,1,1,1
483,0,1,0,0,1,0,0,1,1,0,0,1,1,1,1
484,0,0,0,1,1,1,1,1,1,1,1,1,1,1,1
485,0,0,0,0,0,0,0,0,1,0,0,0,0,0,1
486,0,1,0,0,0,0,0,0,0,0,0,0,0,0,0
487,0,0,1,1,1,1,1,1,1,1,0,1,1,1,1
488,0,0,0,0,0,0,0,0,1,0,0,0,0,0,1
489,0,1,1,1,1,1,1,1,1,1,0,1,1,1,1
490,0,0,0,0,0,0,0,0,0,0,0,0,0,0,1
491,0,0,0,0,0,0,0,0,0,0,0,0,0,1,1
492,0,0,0,0,0,0,0,0,0,0,0,0,0,0,0
493,0,0,0,0,0,0,0,0,0,0,0,0,0,0,0
494,0,0,0,0,0,1,0,1,0,0,0,0,0,0,0
495,1,0,1,1,1,1,1,1,1,1,1,1,1,1,1
496,0,0,0,0,0,0,0,0,0,0,0,0,0,0,0
497,0,0,0,0,0,0,0,0,0,0,0,0,0,0,0
498,0,0,0,0,0,0,0,0,1,1,0,0,1,1,1
499,1,0,0,0,0,0,0,0,0,0,0,0,0,0,0
500,0,0,0,0,0,0,0,0,0,0,0,0,0,0,0
501,0,0,1,1,1,0,1,1,1,1,1,1,1,1,1
502,0,0,0,0,0,0,0,0,0,0,0,0,0,0,0
503,0,0,0,0,0,0,0,0,0,0,0,0,0,0,0
504,0,0,0,0,0,0,0,0,0,0,0,0,0,0,0
505,0,0,0,0,1,1,1,0,1,1,0,1,1,1,1
506,1,1,1,1,1,1,0,0,1,1,0,1,0,1,1
507,0,0,0,0,0,0,0,0,0,0,0,0,0,0,0
508,0,0,0,0,0,0,0,0,0,0,0,0,0,0,0
509,0,0,0,1,0,0,1,1,1,1,1,1,1,1,0
510,1,0,1,1,1,1,1,1,1,1,1,1,1,1,1
511,0,0,0,0,0,0,0,0,0,0,0,0,0,0,1
512,0,0,0,0,0,0,0,1,0,1,0,0,1,1,1
513,0,0,0,0,1,0,0,0,0,0,0,0,1,1,1
514,0,0,0,0,0,0,0,0,0,1,0,0,0,0,0
515,0,0,0,0,0,0,0,0,0,0,0,0,1,0,1
516,1,0,1,1,0,1,0,1,0,1,1,0,0,0,0
517,0,1,0,0,1,0,0,1,1,0,0,1,1,1,1
518,0,0,0,0,0,1,1,1,1,0,0,0,1,1,1
519,0,0,0,0,0,0,0,0,0,0,0,0,0,0,0
520,1,0,0,0,0,0,0,0,1,0,0,0,0,0,0
521,0,0,0,0,0,0,0,0,0,0,0,0,0,0,0
522,0,1,0,1,1,0,1,1,1,0,0,1,1,1,1
523,0,0,0,0,0,0,0,0,0,0,0,0,0,0,1
524,0,0,0,0,0,0,0,0,1,0,0,0,0,1,1
525,0,0,0,0,0,0,0,0,0,0,0,0,0,0,0
526,0,0,0,0,1,0,0,1,0,1,0,0,0,0,1
527,0,0,0,0,0,0,0,0,0,0,0,0,0,0,0
528,0,0,0,1,1,0,1,1,1,0,0,1,1,1,1
529,0,0,0,0,0,0,0,0,0,0,0,0,0,0,0
530,1,0,1,1,1,1,1,1,1,1,1,1,1,1,1
531,0,0,0,0,0,0,0,0,0,0,0,0,0,0,1
532,1,0,1,1,1,0,1,1,1,1,1,1,1,1,1
533,1,1,0,0,0,0,0,0,0,0,0,0,0,0,0
534,0,0,0,0,0,0,0,0,0,1,1,0,0,0,1
535,0,0,0,0,0,0,0,0,0,0,0,0,0,0,0
536,0,0,0,0,0,0,0,0,0,0,0,0,1,1,1
537,1,1,1,1,1,0,1,1,1,1,1,1,1,1,1
538,0,0,0,0,1,1,0,0,1,1,0,1,1,1,1
539,0,0,0,1,1,0,1,0,1,1,0,1,1,1,1
540,0,1,1,1,1,1,1,1,1,1,1,1,1,1,1
541,0,0,0,0,0,0,0,0,0,0,0,0,0,0,0
542,0,0,0,0,0,0,0,0,0,0,0,0,1,1,1
543,0,0,0,0,0,0,0,0,1,0,0,0,0,0,0
544,1,1,1,1,1,1,1,1,1,1,1,1,1,1,1
545,0,1,1,0,1,0,1,1,1,1,1,1,1,1,1
546,0,0,0,0,0,0,0,0,0,0,0,0,0,0,0
547,0,0,0,0,0,0,0,0,0,0,0,0,0,0,0
548,0,0,0,0,0,0,0,0,0,0,0,0,0,0,1
549,0,1,0,0,1,0,0,0,1,1,0,1,1,1,1
550,0,0,0,1,1,0,1,1,0,1,0,0,1,0,1
551,0,1,0,0,1,0,1,0,0,0,0,1,1,1,1
552,0,0,0,0,0,0,0,0,0,1,0,1,1,1,1
553,0,1,1,0,1,1,1,1,1,1,0,1,1,0,1
554,0,0,1,1,1,1,1,1,1,1,1,1,1,1,1
555,0,1,0,0,1,0,1,0,1,0,0,1,1,1,1
556,0,0,0,0,0,0,0,0,0,0,0,0,0,0,0
557,0,1,1,1,1,0,1,1,1,1,0,1,1,1,1
558,1,0,0,0,0,0,0,0,0,0,0,0,0,0,0
559,0,0,0,0,0,0,0,0,0,0,0,1,0,1,1
560,0,0,0,0,0,0,0,0,0,0,0,0,0,0,0
561,0,0,0,0,0,1,0,0,0,0,0,0,0,0,0
562,1,0,1,1,1,1,1,1,1,1,1,1,1,1,1
563,1,0,0,0,0,0,0,0,0,0,0,0,0,0,0
564,0,0,0,0,0,0,0,0,0,0,0,0,0,0,0
565,0,0,0,0,0,1,0,1,0,0,0,0,1,0,0
566,0,0,0,0,0,0,0,0,0,0,0,0,0,0,0
567,0,0,0,0,0,0,1,1,1,0,0,0,1,1,1
568,0,0,0,0,0,0,0,0,1,0,0,1,1,0,1
569,0,0,0,0,0,0,0,0,0,0,0,0,0,0,1
570,1,1,1,1,1,0,1,1,1,0,0,0,0,1,1
571,0,0,0,0,0,0,0,0,0,0,0,1,1,1,1
572,0,0,0,1,1,0,0,0,1,0,1,1,1,1,1
573,1,1,1,0,1,1,1,1,1,0,1,1,1,0,0
574,0,0,0,0,0,0,0,0,0,0,0,1,0,0,1
575,1,1,1,1,1,1,1,1,1,1,1,1,1,1,1
576,1,1,1,0,0,1,1,1,0,1,0,1,0,1,1
577,1,0,0,0,0,1,1,0,1,1,0,0,1,1,0
578,1,0,0,1,1,1,0,1,1,1,0,0,1,1,1
579,0,0,0,0,0,0,0,0,0,0,0,0,0,0,1
580,0,1,1,1,1,1,1,1,1,1,1,0,0,1,1
581,0,0,0,1,1,0,0,0,1,0,0,1,0,1,1
582,1,1,1,1,1,1,1,1,1,1,1,1,1,1,1
583,1,0,1,1,0,1,1,0,1,0,0,1,1,1,0
584,0,0,0,0,0,0,0,0,0,0,0,0,0,0,0
585,0,0,0,0,0,0,0,0,1,0,0,0,0,1,1
586,1,1,1,1,1,1,1,1,1,1,1,1,1,1,1
587,0,0,0,0,0,0,0,0,0,0,0,0,0,0,0
588,0,0,0,0,0,0,0,0,0,0,0,0,0,0,0
589,0,0,0,0,0,0,0,0,0,0,0,0,0,0,0
590,0,0,0,0,0,0,0,0,0,0,0,0,0,0,0
591,0,0,0,0,0,0,0,0,0,0,0,0,0,0,1
592,0,0,0,0,0,0,0,0,0,0,0,0,0,0,0
593,0,0,0,0,0,0,0,0,0,0,0,0,0,0,0
594,0,0,0,0,0,0,0,0,0,0,0,0,0,0,0
595,1,1,0,1,1,1,1,1,1,1,1,1,1,1,1
596,0,0,0,0,0,0,0,0,0,0,1,1,0,0,1
597,1,1,0,1,1,0,1,1,1,0,0,1,1,1,1
598,0,0,0,0,1,0,0,0,0,0,0,0,0,1,1
599,0,0,0,0,1,1,0,0,1,1,0,1,1,1,1
600,0,0,0,0,0,0,0,0,0,0,0,0,0,0,0
601,0,0,0,0,0,0,0,0,0,0,0,0,0,0,0
602,0,0,0,0,1,0,0,0,0,0,0,0,0,0,0
603,0,0,0,0,0,0,0,0,0,0,0,0,0,0,0
604,0,0,0,0,0,0,0,0,0,0,0,0,0,0,0
605,0,0,0,0,1,0,1,1,1,1,1,1,1,1,1
606,0,1,1,0,1,1,1,1,1,1,1,1,1,1,1
607,0,0,0,0,0,0,1,0,1,0,0,1,1,1,1
608,0,0,0,0,0,0,0,0,0,1,0,0,0,0,0
609,0,0,0,0,0,0,0,0,1,0,0,0,0,0,0
610,0,0,0,0,0,0,0,0,0,0,0,0,0,0,0
611,1,1,1,1,0,1,1,1,1,1,1,0,1,1,0
612,1,1,1,1,1,1,1,1,1,1,1,1,1,1,1
613,0,0,1,1,1,1,1,1,1,1,0,1,1,1,1
614,0,1,0,1,1,0,0,1,0,1,0,1,1,1,1
615,1,1,0,0,1,1,0,1,1,1,1,0,0,1,0
616,0,0,0,0,0,0,0,0,0,0,0,0,0,0,1
617,0,0,0,1,1,1,0,1,1,1,1,1,1,1,1
618,0,0,0,0,0,0,0,0,0,0,0,0,0,0,0
619,0,1,1,0,1,1,1,1,1,1,0,1,1,1,1
620,0,0,0,0,0,0,0,0,1,0,0,1,1,1,1
621,0,0,0,0,0,0,0,0,0,0,0,0,0,0,0
622,0,0,0,0,0,0,0,0,0,0,0,0,0,0,0
623,0,0,0,1,0,0,0,0,0,1,0,1,1,1,1
624,1,1,0,1,0,1,1,1,0,1,1,1,1,1,1
625,0,0,0,1,0,0,0,0,1,0,0,1,0,1,1
626,1,1,0,0,1,1,0,0,1,1,0,0,0,0,0
627,0,0,0,0,1,0,0,0,1,0,0,0,1,1,1
628,0,0,0,0,0,0,0,0,0,0,0,0,0,0,0
629,0,0,0,0,0,0,0,0,0,0,0,0,0,0,0
630,0,0,0,0,0,0,0,0,1,0,0,1,0,1,1
631,0,0,0,0,1,0,0,1,1,0,0,0,0,1,1
632,0,1,0,1,0,1,1,1,1,1,1,1,1,1,1
633,0,0,0,1,1,0,1,0,1,0,1,1,1,1,1
634,1,0,1,1,1,1,1,1,1,1,1,1,1,1,1
635,0,0,0,0,0,0,0,0,0,0,0,0,0,0,0
636,0,0,0,0,0,0,0,0,0,0,0,0,0,0,0
637,0,0,0,0,0,0,0,1,0,0,0,0,0,0,0
638,0,0,0,1,1,0,1,1,1,0,0,0,1,1,1
639,0,0,0,0,0,0,0,0,0,0,0,0,0,0,0
640,0,1,1,1,1,1,1,1,1,1,1,1,1,1,1
641,1,1,1,1,1,1,1,1,1,1,1,1,1,1,1
642,1,0,1,0,0,0,0,0,1,1,0,1,0,0,1
643,1,0,0,0,0,0,0,0,0,0,0,0,0,0,0
644,0,0,0,0,0,0,0,0,0,0,0,0,0,0,0
645,0,0,0,0,0,0,0,0,0,0,0,0,0,0,0
646,1,0,0,1,0,1,0,1,0,0,0,0,1,0,0
647,0,0,1,1,1,0,1,1,1,1,0,1,1,1,1
648,0,0,0,0,0,0,0,0,0,0,0,0,1,0,0
649,0,0,0,0,0,0,0,1,0,0,0,1,1,1,1
650,0,0,0,0,0,0,0,0,0,0,0,0,1,0,0
651,1,0,0,0,0,0,0,0,0,0,0,0,0,0,0
652,0,1,0,0,1,0,1,1,1,1,1,1,1,1,1
653,0,0,0,0,0,0,0,0,0,0,0,0,0,0,0
654,0,0,0,0,0,0,0,0,0,0,0,0,0,0,0
655,0,0,0,0,0,0,1,1,1,1,1,1,1,1,1
656,1,0,0,0,0,0,0,0,0,0,0,0,0,1,1
657,0,0,0,1,1,0,1,1,1,0,1,1,1,1,1
658,0,0,0,1,0,1,1,0,1,0,0,0,0,1,1
659,1,1,1,0,1,1,1,1,1,1,1,1,1,1,1
660,1,1,1,1,1,1,1,0,1,1,1,1,0,1,1
661,0,0,0,1,1,0,1,0,1,0,0,1,1,1,1
662,0,0,0,1,0,0,0,0,1,0,0,1,1,1,1
663,1,1,0,1,0,1,1,1,1,1,0,1,0,1,1
664,0,0,0,0,0,0,0,0,0,0,0,0,0,1,0
665,0,0,0,1,1,1,1,1,0,1,1,1,1,1,1
666,1,0,0,0,1,1,0,0,1,1,0,0,0,0,0
667,0,0,0,0,0,0,0,0,0,0,0,0,0,0,0
668,0,0,0,0,0,0,0,0,0,0,0,0,0,0,0
669,0,0,0,0,0,0,0,0,0,0,0,0,0,0,1
670,0,0,0,0,1,0,0,1,1,0,0,1,1,1,1
671,0,0,0,0,0,0,0,0,0,0,0,0,0,0,0
672,0,0,0,0,0,0,1,0,0,0,0,1,0,1,1
673,0,0,0,0,0,0,1,0,1,0,0,1,1,1,1
674,0,0,0,0,0,0,0,0,0,0,0,0,0,0,0
675,0,1,1,1,1,1,1,1,1,1,1,1,1,1,1
676,0,0,0,0,1,0,0,0,1,0,0,0,1,1,1
677,1,0,0,1,0,1,0,0,0,0,0,0,0,0,1
678,0,0,0,0,0,0,0,0,0,0,0,0,0,0,0
679,0,1,1,1,1,1,1,0,1,1,1,1,1,1,1
680,1,1,1,1,1,1,1,1,1,1,1,1,1,1,1
681,0,0,0,0,0,0,0,0,0,0,0,0,1,0,1
682,0,0,0,0,0,0,1,1,1,0,0,1,1,1,1
683,0,0,0,0,0,0,0,0,0,0,0,0,0,0,0
684,1,0,0,1,1,1,1,1,1,1,1,1,1,1,1
685,0,0,0,0,0,0,0,0,0,0,0,0,0,0,0
686,1,1,1,1,1,1,0,1,1,1,0,1,1,1,1
687,0,0,0,0,1,1,1,1,1,0,0,1,1,1,1
688,0,0,0,1,0,0,0,1,1,0,0,1,1,1,1
689,0,0,0,0,0,0,0,0,0,0,0,1,0,0,0
690,0,0,1,0,0,0,0,1,0,0,0,0,1,1,1
691,1,1,1,1,1,1,1,1,1,1,1,1,1,1,1
692,1,0,0,0,0,0,0,1,0,0,0,0,0,0,1
693,0,0,0,0,0,0,0,0,1,0,0,0,0,0,0
694,0,0,0,0,0,1,1,1,1,1,1,1,1,1,1
695,0,0,0,1,1,0,1,0,1,1,1,1,1,1,1
696,0,1,1,1,1,1,1,1,1,1,1,1,1,1,1
697,0,1,0,0,1,1,1,0,1,0,0,1,1,1,1
698,0,1,1,1,1,1,1,1,1,1,1,1,1,1,1
699,0,0,0,0,0,0,0,0,1,0,0,1,0,0,1
700,0,0,0,0,0,0,0,0,0,0,0,0,1,0,0
701,1,0,0,1,1,1,0,1,1,1,1,1,1,1,1
702,0,0,0,0,1,0,0,1,1,0,0,0,1,1,1
703,0,0,0,0,0,0,0,0,0,0,0,0,0,1,0
704,0,1,0,0,1,0,1,0,1,0,0,1,1,1,1
705,0,0,0,0,0,0,0,0,0,0,0,0,0,0,0
706,0,0,0,0,0,0,0,0,0,0,0,0,0,0,0
707,0,0,0,0,1,0,1,0,1,0,0,1,1,1,1
708,0,0,0,0,0,0,0,0,0,0,0,0,0,0,0
709,0,1,0,1,1,1,1,1,1,1,0,1,1,1,1
710,0,0,0,0,0,0,0,0,1,0,0,1,1,1,1
711,0,0,0,0,0,0,0,0,0,0,0,0,1,1,1
712,1,0,0,0,0,0,0,0,0,1,0,0,0,0,1
713,0,0,0,0,0,1,1,0,0,0,1,1,0,0,0
714,0,0,0,0,0,0,0,0,0,0,0,0,0,0,0
715,0,0,1,0,1,0,1,1,1,1,0,1,1,1,1
716,0,0,0,0,0,0,0,0,0,0,0,0,0,0,0
717,0,0,0,0,1,0,1,1,1,0,1,1,1,1,1
718,1,1,0,1,1,1,1,1,1,1,1,1,1,1,1
719,0,0,0,0,1,0,0,1,1,0,0,1,0,0,1
720,0,0,0,0,0,0,0,0,0,0,0,0,0,0,0
721,0,0,0,0,0,0,0,0,0,0,0,0,0,0,0
722,0,0,0,0,0,1,0,0,1,0,0,0,0,0,0
723,0,0,0,0,0,0,0,0,0,0,0,0,0,0,0
724,0,0,0,0,0,1,0,0,0,0,0,0,0,0,0
725,0,0,0,0,0,0,0,0,0,0,0,0,0,0,0
726,0,0,0,0,0,0,0,0,0,0,0,0,0,0,0
727,0,0,0,0,0,0,0,0,0,0,0,0,0,0,1
728,0,0,0,0,0,0,1,0,0,0,0,1,0,1,0
729,0,0,0,0,1,0,1,0,0,0,0,0,1,1,1
730,1,1,1,1,1,1,1,1,1,1,1,1,1,1,1
731,0,1,1,1,1,1,1,1,1,1,1,1,1,1,1
732,0,0,0,0,1,0,1,1,1,0,0,1,1,1,1
733,0,1,1,1,1,0,1,1,1,0,1,1,1,1,1
734,0,1,1,1,1,1,0,1,1,1,1,1,1,1,1
735,0,0,0,0,1,0,0,1,1,0,1,1,1,1,1
736,0,0,0,0,0,0,0,0,0,0,0,0,0,0,0
737,0,0,0,0,0,0,0,0,0,0,0,0,0,0,0
738,0,0,0,0,0,0,0,0,0,0,0,1,0,0,0
739,0,1,1,1,1,1,1,1,1,1,1,1,1,1,1
740,0,0,0,0,0,0,0,0,0,0,0,0,0,0,0
741,0,0,0,1,0,0,0,0,0,0,0,0,0,1,1
742,1,1,1,1,1,1,1,1,1,1,1,1,1,1,1
743,0,0,1,1,0,1,0,0,0,0,0,0,0,1,1
744,0,0,0,0,0,0,0,0,0,0,0,0,0,0,0
745,0,0,0,0,0,0,0,0,0,0,0,0,0,0,0
746,0,1,1,1,1,1,1,1,1,1,1,1,1,1,1
747,0,0,0,0,1,0,1,1,1,0,0,1,1,1,1
748,0,0,0,0,1,0,0,0,1,0,0,1,1,1,1
749,0,0,0,0,1,1,0,1,0,0,0,1,1,1,1
750,0,0,0,0,0,0,0,0,0,0,0,0,0,0,0
751,0,1,1,1,0,1,1,1,1,1,1,1,1,1,1
752,1,1,1,1,0,0,1,1,1,0,1,1,1,1,1
753,0,0,0,0,0,0,0,0,0,0,0,0,0,0,0
754,0,0,0,0,0,0,1,0,1,0,0,0,0,0,0
755,0,0,0,0,1,0,1,0,1,0,0,1,1,1,1
756,0,0,0,0,0,0,0,0,0,0,0,0,0,0,0
757,0,0,0,0,0,0,0,0,0,0,0,0,0,0,0
758,1,1,0,0,1,1,1,1,1,1,1,1,0,1,1
759,0,0,0,1,1,0,1,0,0,0,0,1,0,1,1
760,0,0,0,0,0,0,0,0,0,0,0,0,0,0,1
761,0,0,0,0,0,0,0,0,0,1,0,1,1,0,1
762,0,0,0,0,0,0,0,0,0,0,0,0,0,0,0
763,1,0,0,0,0,0,0,0,0,0,0,0,0,0,0
764,0,0,0,0,0,0,0,0,0,0,0,0,0,0,0
765,0,0,0,0,0,0,0,0,1,0,0,0,0,0,1
766,0,0,0,0,1,1,1,1,1,1,1,1,1,1,1
767,0,0,1,0,1,1,0,0,1,0,0,1,0,0,1
768,1,1,1,1,1,1,1,1,1,1,1,1,1,1,1
769,0,0,0,0,0,0,0,0,0,0,1,0,0,0,0
770,0,0,1,0,0,1,1,0,1,1,1,0,0,0,1
771,0,0,0,1,0,0,0,1,1,1,0,1,0,1,1
772,0,1,0,0,1,1,1,0,1,1,1,1,1,1,1
773,0,0,0,0,0,0,0,0,0,0,0,0,0,0,0
774,0,0,0,0,0,1,0,0,0,1,0,1,1,1,1
775,1,0,1,0,1,0,0,0,1,0,0,1,0,1,1
776,0,0,0,0,1,0,0,1,1,0,0,1,1,1,1
777,0,0,0,0,0,0,0,0,0,0,0,1,1,1,1
778,1,0,1,1,1,1,1,0,1,1,1,1,1,1,1
779,0,0,0,0,0,0,0,0,0,0,0,0,0,0,0
780,0,0,0,0,0,0,0,0,0,0,0,0,0,0,0
781,0,1,0,0,1,0,0,0,0,0,0,1,0,0,0
782,0,0,1,0,0,0,0,0,0,0,0,0,1,0,0
783,0,0,0,0,0,0,0,0,0,0,0,0,0,0,0
784,0,0,0,0,0,0,0,0,0,0,0,0,0,0,0
785,0,0,0,0,0,0,0,0,0,0,0,0,0,0,0
786,0,0,0,0,0,0,0,0,0,0,0,0,0,0,0
787,0,0,0,0,1,0,0,0,1,0,1,1,1,1,1
788,0,0,0,0,0,0,0,0,0,0,0,0,0,0,0
789,0,0,0,0,0,0,0,0,0,0,0,0,0,0,0
790,1,0,0,0,0,0,0,0,0,0,0,0,0,0,0
791,0,0,0,0,1,0,0,0,0,0,0,0,0,0,0
792,1,1,1,1,1,1,1,1,1,1,1,1,1,1,1
793,0,0,0,0,1,0,0,0,0,0,0,0,0,1,1
794,1,0,0,0,1,0,0,0,1,0,1,1,1,1,1
795,0,0,0,0,0,0,0,0,0,0,0,0,0,0,1
796,0,0,0,0,0,0,0,0,1,1,0,0,0,1,1
797,1,0,1,1,1,1,1,1,1,1,1,1,1,1,1
798,1,1,1,0,1,0,1,0,1,0,0,0,0,0,0
799,0,0,0,0,0,0,0,0,1,0,1,0,0,1,0
800,0,0,0,0,0,0,0,0,0,0,0,0,0,0,0
801,0,0,0,0,0,0,0,0,0,0,0,1,1,0,1
802,1,1,1,1,1,1,1,1,1,1,1,1,1,1,1
803,0,0,0,0,0,0,0,0,0,0,0,0,1,0,1
804,0,0,0,0,0,0,0,0,0,0,0,0,0,0,0
805,0,0,0,0,0,0,0,0,1,0,0,1,1,1,1
806,1,1,1,1,1,1,1,1,1,1,1,1,1,1,1
807,0,0,0,0,0,0,0,0,0,0,0,0,0,0,0
808,0,0,1,0,1,1,0,1,1,0,0,1,1,1,1
809,0,0,0,0,0,0,0,0,0,0,0,0,0,0,0
810,0,0,0,0,0,0,0,0,0,0,0,0,0,0,0
811,0,0,0,0,0,0,0,0,0,0,0,0,0,1,0
812,0,1,1,0,0,1,1,0,1,1,1,1,1,1,1
813,0,0,0,0,0,0,1,0,1,1,0,1,1,1,1
814,0,0,0,0,0,0,0,0,0,0,0,0,0,0,0
815,0,0,0,0,0,0,0,0,0,0,0,0,0,0,1
816,0,0,0,0,0,0,0,0,0,0,0,0,0,0,1
817,0,0,0,0,0,0,0,0,0,0,0,0,0,0,0
818,0,0,0,1,0,0,0,0,0,0,0,0,0,0,1
819,0,1,1,1,1,0,1,1,1,0,1,1,1,1,1
820,0,0,0,0,0,0,0,0,0,0,0,0,0,0,0
821,0,1,0,0,1,1,0,1,1,1,0,1,1,1,1
822,0,0,0,0,0,0,0,0,0,0,0,0,0,0,0
823,0,0,0,0,0,0,0,0,0,1,0,0,0,0,1
824,0,0,0,0,0,0,0,0,0,0,0,0,0,0,0
825,0,0,1,1,1,1,1,1,1,1,1,1,1,1,1
826,0,0,0,0,0,0,0,0,0,0,0,0,0,0,1
827,0,0,0,0,0,1,1,1,1,1,1,1,1,1,1
828,1,1,1,1,1,1,1,1,1,1,1,1,1,1,1
829,0,0,0,1,1,1,0,1,1,1,0,1,1,1,1
830,0,1,1,0,0,1,1,0,1,1,1,1,1,0,1
831,0,0,0,0,0,0,0,0,1,0,0,0,1,0,0
832,0,0,0,0,1,1,0,1,1,1,0,1,0,1,1
833,0,0,0,0,1,0,0,1,0,0,0,0,1,1,1
834,0,0,0,0,0,0,0,0,0,1,0,1,1,0,0
835,0,0,0,0,0,0,0,0,0,0,0,0,0,0,0
836,0,0,0,0,1,0,0,0,1,0,0,1,0,1,1
837,0,0,0,0,0,0,0,0,0,0,0,0,0,0,0
838,0,0,0,0,0,0,0,0,0,0,0,0,0,1,1
839,1,0,1,1,1,1,0,1,1,1,1,1,1,1,1
840,1,1,0,0,0,0,1,1,1,0,0,1,0,1,1
841,0,0,0,0,1,0,0,1,1,0,0,1,1,1,1
842,0,0,0,1,1,0,1,1,0,0,0,0,1,0,0
843,0,0,0,0,0,0,0,0,0,0,0,0,0,0,0
844,1,0,0,0,0,0,0,0,0,0,0,0,0,1,1
845,0,0,0,0,0,0,0,0,1,0,0,0,0,0,1
846,0,0,0,0,0,0,0,0,0,0,0,0,0,0,0
847,1,1,1,0,0,1,0,0,1,1,0,0,0,0,0
848,0,0,0,0,0,0,0,0,0,0,0,0,0,0,0
849,0,0,0,0,1,1,0,1,1,0,0,1,0,1,1
850,0,0,0,1,1,0,1,1,1,0,0,1,1,0,1
851,0,0,0,0,1,0,0,1,1,0,0,0,0,1,1
852,0,0,0,0,0,0,0,0,0,0,0,0,0,0,0
853,0,0,0,0,0,0,0,0,0,0,0,0,0,0,1
854,0,0,0,0,0,0,0,0,0,0,0,0,0,1,0
855,1,0,0,1,1,0,1,1,1,1,0,1,1,1,1
856,0,0,0,0,0,0,0,0,0,0,0,0,0,0,0
857,0,0,0,0,0,0,0,0,0,0,1,0,0,0,0
858,0,0,1,1,1,1,1,1,1,1,1,1,1,1,1
859,0,0,0,0,1,0,0,0,0,0,0,0,0,0,0
860,0,0,0,0,1,0,1,1,1,0,0,1,1,1,1
861,0,0,0,0,0,0,0,0,0,0,0,0,0,0,1
862,0,0,0,0,0,0,0,0,0,0,0,0,0,0,0
863,0,0,0,0,0,0,0,0,0,0,0,0,0,0,0
864,0,0,0,0,1,0,1,0,1,0,0,1,1,1,1
865,0,0,0,0,0,0,0,0,0,0,0,0,0,0,0
866,0,0,0,0,0,0,0,0,0,1,0,0,0,0,0
867,0,0,0,0,0,0,0,0,1,0,0,0,0,0,1
868,1,1,1,0,1,1,0,1,1,1,1,1,0,1,1
869,1,1,1,1,1,1,1,1,1,1,1,1,1,1,1
870,0,0,0,0,1,0,0,0,1,0,0,1,0,0,1
871,0,0,0,0,0,0,0,0,0,0,0,0,0,0,1
872,1,0,0,1,1,1,1,1,1,0,1,1,1,1,1
873,0,0,0,0,0,0,0,0,0,0,0,0,0,0,0
874,1,1,1,1,1,1,1,1,1,1,1,1,1,1,1
875,0,1,0,0,0,0,0,0,0,1,0,1,1,1,1
876,0,0,0,0,0,0,0,1,1,0,0,1,0,1,1
877,0,0,0,0,0,0,0,0,0,0,0,1,1,1,1
878,0,0,0,0,1,0,0,0,1,0,0,0,0,1,1
879,0,0,0,0,0,0,0,0,0,0,0,0,0,0,0
880,1,1,1,1,1,1,1,1,1,1,1,1,1,1,1
881,0,0,0,1,1,1,1,1,1,1,0,1,1,1,1
882,0,0,0,0,0,0,0,0,0,0,0,0,1,0,1
883,0,0,0,1,1,1,1,1,1,1,0,1,1,1,1
884,0,0,0,0,1,0,0,1,1,0,0,1,0,1,1
885,0,1,0,1,1,1,0,1,1,1,0,1,1,1,1
886,1,1,1,1,1,1,1,1,1,1,1,1,1,1,1
887,0,0,0,0,0,0,0,0,1,0,0,0,0,0,1
888,0,0,0,0,0,0,0,0,0,0,0,0,0,0,0
889,0,0,0,0,1,1,0,1,1,1,1,1,1,1,1
890,0,0,0,0,0,0,0,0,0,0,0,0,0,0,0
891,0,0,0,0,0,0,0,0,0,0,0,0,0,0,0
892,0,0,0,0,0,1,0,0,0,0,0,1,1,1,1
893,0,0,0,0,0,0,0,0,0,0,0,0,0,0,0
894,0,0,1,0,1,1,0,0,0,0,0,1,0,1,0
895,0,0,0,0,1,0,1,1,1,0,0,1,1,1,0
896,0,0,0,0,0,0,0,0,0,0,0,0,0,0,1
897,1,1,0,0,0,1,0,0,1,0,1,1,0,0,1
898,0,1,0,0,0,1,1,1,0,0,0,1,0,0,0
899,0,0,0,0,0,0,0,1,0,0,0,0,0,0,0
900,0,0,0,0,0,0,0,0,0,0,0,0,0,0,0
901,0,0,0,0,0,0,0,0,0,0,0,0,0,0,0
902,1,0,0,0,0,0,1,0,0,0,0,1,1,0,1
903,0,0,0,0,0,0,0,0,1,0,0,0,0,1,1
904,0,1,1,1,1,1,1,1,1,1,0,1,1,1,1
905,0,0,0,0,0,0,0,0,1,0,0,0,0,1,1
906,0,0,0,0,0,0,0,0,0,0,0,0,0,0,0
907,0,0,0,0,0,0,0,0,1,0,0,1,1,1,1
908,1,0,0,0,0,0,0,0,1,1,0,0,1,1,1
909,0,0,0,0,0,0,0,0,0,0,0,0,0,0,1
910,0,0,0,0,0,1,0,0,0,1,0,1,1,1,1
911,0,1,1,1,1,1,0,1,1,1,0,1,1,1,1
912,0,0,0,0,1,1,0,0,0,1,0,0,1,1,1
913,0,0,0,0,0,0,1,0,1,1,0,0,1,1,0
914,0,0,0,0,0,0,0,0,0,0,0,0,0,0,0
915,0,0,0,0,0,0,0,0,0,0,0,1,0,1,1
916,0,0,0,0,0,0,0,0,0,0,0,0,0,0,0
917,0,0,0,0,1,0,1,1,1,1,1,0,1,1,1
918,0,0,0,0,0,0,0,0,0,0,0,1,1,1,1
919,0,0,0,0,0,1,0,0,0,0,0,0,0,0,1
920,1,0,0,1,1,1,0,1,1,1,1,0,1,1,1
921,1,1,1,0,1,1,0,0,1,1,0,1,1,0,1
922,0,0,0,0,0,0,0,0,0,0,0,0,0,0,0
923,0,0,0,0,0,0,0,0,0,0,0,0,0,0,1
924,0,0,0,0,0,0,0,0,0,0,0,0,0,0,0
925,0,0,0,0,0,0,0,0,0,0,0,0,0,1,1
926,0,1,0,0,0,0,0,1,1,0,0,0,0,1,1
927,0,0,0,0,0,0,0,0,0,0,0,0,0,0,0
928,0,0,0,0,0,1,0,0,1,0,0,0,0,1,1
929,1,1,0,1,1,1,1,1,1,1,1,1,1,1,1
930,1,0,0,0,1,1,1,0,1,1,1,1,1,0,1
931,0,0,0,0,0,0,1,0,1,0,0,0,1,1,1
932,0,0,0,0,1,0,0,0,1,0,0,1,0,0,1
933,1,0,1,1,1,0,1,1,1,0,0,1,1,1,0
934,0,0,0,0,0,0,0,0,0,0,0,0,0,0,0
935,0,0,0,0,0,1,0,0,0,0,0,1,0,1,1
936,0,1,0,0,0,0,0,0,1,0,1,1,1,1,1
937,1,0,0,0,0,0,0,0,0,0,0,0,0,0,0
938,0,1,1,0,1,0,0,1,1,1,1,1,0,1,1
939,1,1,1,1,1,1,1,1,1,1,1,1,1,1,1
940,0,0,0,0,0,0,0,0,0,0,0,0,0,0,0
941,0,0,0,0,0,0,1,0,1,0,0,0,1,1,1
942,1,1,1,1,1,1,1,1,1,1,1,1,1,1,1
943,0,0,0,0,0,0,0,0,0,0,0,0,0,0,0
944,0,0,0,0,0,1,0,0,0,0,0,0,0,0,0
945,0,0,0,0,0,0,0,0,0,0,0,0,0,0,0
946,1,1,1,1,1,1,1,1,1,1,1,1,1,1,0
947,0,0,0,0,1,1,0,0,0,0,0,1,0,0,1
948,1,0,0,0,1,0,0,1,1,0,0,0,0,0,0
949,0,0,0,0,1,0,0,0,0,0,0,1,1,1,1
950,0,1,0,1,1,1,0,1,1,0,1,1,1,1,1
951,0,1,0,1,1,1,1,1,1,1,1,1,1,1,1
952,0,1,1,1,1,0,0,1,1,0,1,1,1,1,1
953,1,1,1,1,1,1,1,1,1,1,1,1,1,1,1
954,0,0,1,0,1,0,0,0,0,0,1,0,1,1,0
955,0,0,1,1,1,1,1,1,1,1,1,1,1,1,1
956,0,0,0,0,0,0,0,0,0,0,0,0,0,1,1
957,0,0,0,0,0,0,0,0,0,0,0,0,0,0,0
958,1,0,0,0,1,0,0,0,1,0,0,1,0,1,1
959,1,1,1,1,1,1,1,1,1,1,1,1,1,1,1
960,0,0,0,0,0,0,0,1,0,0,1,0,0,0,0
961,0,0,0,0,0,0,0,0,0,0,0,0,0,0,0
962,1,1,1,0,0,1,1,1,1,1,1,1,1,1,1
963,0,0,0,0,0,0,0,0,0,0,0,0,0,0,1
964,0,0,0,1,1,0,1,1,1,1,1,1,1,1,1
965,0,1,1,1,1,1,1,1,1,1,1,1,1,1,1
966,0,0,0,0,0,0,0,0,0,0,0,0,0,0,0
967,0,0,0,0,0,1,0,0,1,0,1,0,0,1,0
968,0,0,0,0,1,0,1,1,0,1,0,1,1,1,1
969,0,0,0,1,0,0,0,0,0,0,0,0,1,0,0
970,1,0,0,0,0,1,0,0,1,1,0,0,0,0,0
971,0,0,0,0,1,0,0,0,1,0,0,0,0,1,1
972,0,0,0,0,0,0,0,0,0,0,0,0,0,0,0
973,0,0,0,0,0,0,0,0,1,0,0,1,1,1,0
974,0,1,0,0,0,1,1,1,0,1,1,1,1,1,0
975,0,0,0,0,0,0,0,0,0,0,0,0,0,0,1
976,1,0,1,0,0,0,0,0,0,0,0,0,0,0,0
977,0,0,0,0,0,0,0,0,1,0,0,0,0,0,0
978,1,0,1,1,1,1,1,1,1,1,1,1,1,1,1
979,0,0,1,1,1,0,1,1,1,1,1,1,1,1,1
980,0,0,0,0,0,0,0,0,1,1,1,0,1,0,1
981,0,0,1,0,0,0,1,1,0,0,0,1,1,1,1
982,0,0,0,0,0,0,0,0,0,1,0,0,0,0,0
983,1,1,1,1,1,1,1,1,0,1,0,1,1,1,1
984,0,0,0,0,0,0,0,0,0,0,0,0,0,0,0
985,0,0,0,0,0,0,0,0,1,0,0,0,0,1,1
986,0,0,0,1,0,0,1,1,0,1,0,1,1,0,0
987,0,0,0,0,0,0,0,0,0,0,0,0,0,0,1
988,1,0,0,1,1,1,0,1,1,1,1,1,1,1,1
989,0,0,0,0,0,0,0,0,0,0,0,0,0,0,0
990,0,0,0,0,0,0,0,0,0,0,0,0,0,0,1
991,0,0,0,0,0,0,0,0,0,0,0,0,0,0,1
992,0,0,0,0,0,0,0,0,0,0,0,0,0,0,0
993,0,0,0,0,0,0,0,0,0,0,0,0,0,0,0
994,0,1,0,0,1,0,0,0,1,0,0,1,0,1,0
995,0,0,0,0,1,1,0,0,1,0,0,1,1,0,1
996,0,0,0,0,0,0,0,0,0,0,0,0,0,1,0
997,0,0,0,0,0,0,0,0,0,0,0,0,0,0,0
998,0,0,0,1,1,0,1,1,1,0,0,1,1,0,1
999,0,0,0,0,0,0,0,0,0,0,0,0,0,0,0
